model,scenario,region,variable,unit,2005,2010,2020,2030,2040,2050,2060,2070,2080,2090,2100
AIM-Enduse 12.1,EMF27-450-Conv,ASIA,Emissions|CO2,Mt CO2/yr,10540.74,13160.18,11899.38,9545.81,7355.07,6119.50,,,,,
AIM-Enduse 12.1,EMF27-450-Conv,ASIA,Emissions|CO2|Fossil Fuels and Industry,Mt CO2/yr,9126.18,11910.09,10748.33,8612.47,6776.59,5881.43,,,,,
AIM-Enduse 12.1,EMF27-450-Conv,ASIA,Primary Energy,EJ/yr,133.56,168.75,163.43,179.86,214.20,227.27,,,,,
AIM-Enduse 12.1,EMF27-450-Conv,LAM,Emissions|CO2,Mt CO2/yr,3285.00,3294.54,3367.62,2856.65,2207.36,1537.72,,,,,
AIM-Enduse 12.1,EMF27-450-Conv,LAM,Emissions|CO2|Fossil Fuels and Industry,Mt CO2/yr,1422.06,1648.20,1851.71,1627.47,1445.51,1224.19,,,,,
AIM-Enduse 12.1,EMF27-450-Conv,LAM,Primary Energy,EJ/yr,27.40,31.42,34.80,40.32,46.80,47.60,,,,,
AIM-Enduse 12.1,EMF27-450-Conv,MAF,Emissions|CO2,Mt CO2/yr,4302.21,4487.54,4238.91,3956.19,3490.81,2082.24,,,,,
AIM-Enduse 12.1,EMF27-450-Conv,MAF,Emissions|CO2|Fossil Fuels and Industry,Mt CO2/yr,2262.46,2684.96,2579.14,2610.36,2656.66,1738.95,,,,,
AIM-Enduse 12.1,EMF27-450-Conv,MAF,Primary Energy,EJ/yr,42.68,50.12,50.13,58.29,74.20,86.57,,,,,
AIM-Enduse 12.1,EMF27-450-Conv,OECD90,Emissions|CO2,Mt CO2/yr,12085.85,12744.33,11646.37,8272.30,4457.91,1625.18,,,,,
AIM-Enduse 12.1,EMF27-450-Conv,OECD90,Emissions|CO2|Fossil Fuels and Industry,Mt CO2/yr,12000.81,12669.18,11577.18,8216.20,4423.14,1610.87,,,,,
AIM-Enduse 12.1,EMF27-450-Conv,OECD90,Primary Energy,EJ/yr,193.12,202.29,185.63,175.80,169.68,154.18,,,,,
AIM-Enduse 12.1,EMF27-450-Conv,REF,Emissions|CO2,Mt CO2/yr,3306.95,3604.42,3325.20,2991.24,1889.38,960.75,,,,,
AIM-Enduse 12.1,EMF27-450-Conv,REF,Emissions|CO2|Fossil Fuels and Industry,Mt CO2/yr,3265.30,3567.61,3291.30,2963.75,1872.35,953.74,,,,,
AIM-Enduse 12.1,EMF27-450-Conv,REF,Primary Energy,EJ/yr,48.54,52.61,51.34,54.72,52.76,51.81,,,,,
AIM-Enduse 12.1,EMF27-450-Conv,World,Emissions|CO2,Mt CO2/yr,34492.05,38321.78,35588.66,28531.68,20287.46,13367.27,,,,,
AIM-Enduse 12.1,EMF27-450-Conv,World,Emissions|CO2|Fossil Fuels and Industry,Mt CO2/yr,29048.12,33510.81,31158.83,24939.73,18061.16,12451.07,,,,,
AIM-Enduse 12.1,EMF27-450-Conv,World,Emissions|CO2|Fossil Fuels and Industry|Energy Supply,Mt CO2/yr,12686.70,14578.11,11774.30,7075.03,3620.79,1619.87,,,,,
AIM-Enduse 12.1,EMF27-450-Conv,World,Emissions|CO2|Fossil Fuels and Industry|Energy Supply|Electricity,Mt CO2/yr,10168.56,11846.65,9437.49,4860.10,3051.71,4477.15,,,,,
AIM-Enduse 12.1,EMF27-450-Conv,World,Price|Carbon,US$2005/t CO2,0.00,0.00,87.11,249.53,1940.90,14260.09,,,,,
AIM-Enduse 12.1,EMF27-450-Conv,World,Primary Energy,EJ/yr,458.20,518.89,500.15,521.23,569.53,581.44,,,,,
AIM-Enduse 12.1,EMF27-450-Conv,World,Primary Energy|Coal,EJ/yr,122.98,148.41,129.99,63.71,26.81,28.26,,,,,
AIM-Enduse 12.1,EMF27-450-Conv,World,Primary Energy|Fossil|w/ CCS,EJ/yr,0.00,0.00,0.00,18.97,31.74,16.10,,,,,
AIM-Enduse 12.1,EMF27-450-NoCCS,ASIA,Emissions|CO2,Mt CO2/yr,10540.74,13160.11,11893.80,9478.33,7367.07,5513.79,,,,,
AIM-Enduse 12.1,EMF27-450-NoCCS,ASIA,Emissions|CO2|Fossil Fuels and Industry,Mt CO2/yr,9126.18,11910.02,10742.74,8545.00,6788.59,5275.72,,,,,
AIM-Enduse 12.1,EMF27-450-NoCCS,ASIA,Primary Energy,EJ/yr,133.56,168.74,163.37,169.57,215.98,249.33,,,,,
AIM-Enduse 12.1,EMF27-450-NoCCS,LAM,Emissions|CO2,Mt CO2/yr,3285.00,3286.68,3362.61,2837.11,1889.89,899.63,,,,,
AIM-Enduse 12.1,EMF27-450-NoCCS,LAM,Emissions|CO2|Fossil Fuels and Industry,Mt CO2/yr,1422.06,1640.34,1846.70,1607.93,1128.04,586.10,,,,,
AIM-Enduse 12.1,EMF27-450-NoCCS,LAM,Primary Energy,EJ/yr,27.40,31.35,34.76,38.64,50.24,56.95,,,,,
AIM-Enduse 12.1,EMF27-450-NoCCS,MAF,Emissions|CO2,Mt CO2/yr,4302.21,4487.49,4239.03,3619.25,2787.47,1671.29,,,,,
AIM-Enduse 12.1,EMF27-450-NoCCS,MAF,Emissions|CO2|Fossil Fuels and Industry,Mt CO2/yr,2262.46,2684.91,2579.25,2273.41,1953.32,1328.00,,,,,
AIM-Enduse 12.1,EMF27-450-NoCCS,MAF,Primary Energy,EJ/yr,42.68,50.12,50.13,54.02,74.78,88.45,,,,,
AIM-Enduse 12.1,EMF27-450-NoCCS,OECD90,Emissions|CO2,Mt CO2/yr,12085.85,12744.16,11659.29,8708.81,5488.86,3355.22,,,,,
AIM-Enduse 12.1,EMF27-450-NoCCS,OECD90,Emissions|CO2|Fossil Fuels and Industry,Mt CO2/yr,12000.81,12669.01,11590.09,8652.70,5454.09,3340.91,,,,,
AIM-Enduse 12.1,EMF27-450-NoCCS,OECD90,Primary Energy,EJ/yr,193.12,202.28,185.78,166.26,173.64,147.43,,,,,
AIM-Enduse 12.1,EMF27-450-NoCCS,REF,Emissions|CO2,Mt CO2/yr,3306.95,3604.39,3322.95,3076.67,1977.78,1181.73,,,,,
AIM-Enduse 12.1,EMF27-450-NoCCS,REF,Emissions|CO2|Fossil Fuels and Industry,Mt CO2/yr,3265.30,3567.58,3289.05,3049.19,1960.75,1174.72,,,,,
AIM-Enduse 12.1,EMF27-450-NoCCS,REF,Primary Energy,EJ/yr,48.54,52.61,51.38,52.89,56.45,58.10,,,,,
AIM-Enduse 12.1,EMF27-450-NoCCS,World,Emissions|CO2,Mt CO2/yr,34492.05,38313.59,35588.85,28629.65,20458.10,13660.19,,,,,
AIM-Enduse 12.1,EMF27-450-NoCCS,World,Emissions|CO2|Fossil Fuels and Industry,Mt CO2/yr,29048.12,33502.62,31159.02,25037.70,18231.80,12743.99,,,,,
AIM-Enduse 12.1,EMF27-450-NoCCS,World,Emissions|CO2|Fossil Fuels and Industry|Energy Supply,Mt CO2/yr,12686.70,14569.92,11774.85,5682.15,3021.37,2507.97,,,,,
AIM-Enduse 12.1,EMF27-450-NoCCS,World,Emissions|CO2|Fossil Fuels and Industry|Energy Supply|Electricity,Mt CO2/yr,10168.56,11838.83,9438.38,3554.33,1374.16,1314.03,,,,,
AIM-Enduse 12.1,EMF27-450-NoCCS,World,Price|Carbon,US$2005/t CO2,0.00,0.00,87.11,257.31,731.92,3680.57,,,,,
AIM-Enduse 12.1,EMF27-450-NoCCS,World,Primary Energy,EJ/yr,458.20,518.81,500.24,493.64,583.82,614.23,,,,,
AIM-Enduse 12.1,EMF27-450-NoCCS,World,Primary Energy|Coal,EJ/yr,122.98,148.41,130.06,45.95,24.32,21.17,,,,,
AIM-Enduse 12.1,EMF27-450-NoCCS,World,Primary Energy|Fossil|w/ CCS,EJ/yr,0.00,0.00,0.00,0.00,0.00,0.00,,,,,
AIM-Enduse 12.1,EMF27-550-LimBio,ASIA,Emissions|CO2,Mt CO2/yr,10540.74,13160.11,14124.17,14218.08,13187.66,10019.56,,,,,
AIM-Enduse 12.1,EMF27-550-LimBio,ASIA,Emissions|CO2|Fossil Fuels and Industry,Mt CO2/yr,9126.18,11910.02,12973.12,13284.74,12609.18,9781.49,,,,,
AIM-Enduse 12.1,EMF27-550-LimBio,ASIA,Primary Energy,EJ/yr,133.56,168.74,187.98,208.68,237.50,252.90,,,,,
AIM-Enduse 12.1,EMF27-550-LimBio,LAM,Emissions|CO2,Mt CO2/yr,3285.00,3286.68,3445.63,3496.62,2986.08,1790.49,,,,,
AIM-Enduse 12.1,EMF27-550-LimBio,LAM,Emissions|CO2|Fossil Fuels and Industry,Mt CO2/yr,1422.06,1640.34,1929.71,2267.44,2224.23,1476.96,,,,,
AIM-Enduse 12.1,EMF27-550-LimBio,LAM,Primary Energy,EJ/yr,27.40,31.35,35.91,44.04,49.72,60.09,,,,,
AIM-Enduse 12.1,EMF27-550-LimBio,MAF,Emissions|CO2,Mt CO2/yr,4302.21,4487.49,4368.48,4519.64,4294.83,2733.76,,,,,
AIM-Enduse 12.1,EMF27-550-LimBio,MAF,Emissions|CO2|Fossil Fuels and Industry,Mt CO2/yr,2262.46,2684.91,2708.71,3173.80,3460.68,2390.47,,,,,
AIM-Enduse 12.1,EMF27-550-LimBio,MAF,Primary Energy,EJ/yr,42.68,50.12,51.84,62.54,78.22,94.12,,,,,
AIM-Enduse 12.1,EMF27-550-LimBio,OECD90,Emissions|CO2,Mt CO2/yr,12085.85,12744.16,12607.17,11752.01,9749.33,6501.31,,,,,
AIM-Enduse 12.1,EMF27-550-LimBio,OECD90,Emissions|CO2|Fossil Fuels and Industry,Mt CO2/yr,12000.81,12669.01,12537.97,11695.90,9714.55,6487.00,,,,,
AIM-Enduse 12.1,EMF27-550-LimBio,OECD90,Primary Energy,EJ/yr,193.12,202.28,196.71,202.04,193.83,185.32,,,,,
AIM-Enduse 12.1,EMF27-550-LimBio,REF,Emissions|CO2,Mt CO2/yr,3306.95,3604.39,3826.80,3615.47,3258.31,3076.27,,,,,
AIM-Enduse 12.1,EMF27-550-LimBio,REF,Emissions|CO2|Fossil Fuels and Industry,Mt CO2/yr,3265.30,3567.58,3792.91,3587.99,3241.28,3069.26,,,,,
AIM-Enduse 12.1,EMF27-550-LimBio,REF,Primary Energy,EJ/yr,48.54,52.61,56.42,58.99,64.32,71.71,,,,,
AIM-Enduse 12.1,EMF27-550-LimBio,World,Emissions|CO2,Mt CO2/yr,34492.05,38313.59,39531.61,38815.54,34676.38,25295.31,,,,,
AIM-Enduse 12.1,EMF27-550-LimBio,World,Emissions|CO2|Fossil Fuels and Industry,Mt CO2/yr,29048.12,33502.62,35101.78,35223.59,32450.08,24379.10,,,,,
AIM-Enduse 12.1,EMF27-550-LimBio,World,Emissions|CO2|Fossil Fuels and Industry|Energy Supply,Mt CO2/yr,12686.70,14569.92,14628.36,12869.87,10647.96,3086.19,,,,,
AIM-Enduse 12.1,EMF27-550-LimBio,World,Emissions|CO2|Fossil Fuels and Industry|Energy Supply|Electricity,Mt CO2/yr,10168.56,11838.83,12163.13,10602.54,8391.52,1223.97,,,,,
AIM-Enduse 12.1,EMF27-550-LimBio,World,Price|Carbon,US$2005/t CO2,0.00,0.00,5.09,56.67,136.88,247.01,,,,,
AIM-Enduse 12.1,EMF27-550-LimBio,World,Primary Energy,EJ/yr,458.20,518.81,544.28,592.53,639.70,679.98,,,,,
AIM-Enduse 12.1,EMF27-550-LimBio,World,Primary Energy|Coal,EJ/yr,122.98,148.41,168.46,180.77,164.38,94.42,,,,,
AIM-Enduse 12.1,EMF27-550-LimBio,World,Primary Energy|Fossil|w/ CCS,EJ/yr,0.00,0.00,0.00,21.10,46.25,68.42,,,,,
AIM-Enduse 12.1,EMF27-Base-FullTech,ASIA,Emissions|CO2,Mt CO2/yr,10540.74,13160.11,14149.89,16559.14,19658.68,23071.34,,,,,
AIM-Enduse 12.1,EMF27-Base-FullTech,ASIA,Emissions|CO2|Fossil Fuels and Industry,Mt CO2/yr,9126.18,11910.02,12998.84,15625.80,19080.19,22833.27,,,,,
AIM-Enduse 12.1,EMF27-Base-FullTech,ASIA,Primary Energy,EJ/yr,133.56,168.74,188.32,227.21,275.41,326.92,,,,,
AIM-Enduse 12.1,EMF27-Base-FullTech,LAM,Emissions|CO2,Mt CO2/yr,3285.00,3286.68,3449.84,3660.68,3850.44,3866.20,,,,,
AIM-Enduse 12.1,EMF27-Base-FullTech,LAM,Emissions|CO2|Fossil Fuels and Industry,Mt CO2/yr,1422.06,1640.34,1933.93,2431.49,3088.58,3552.67,,,,,
AIM-Enduse 12.1,EMF27-Base-FullTech,LAM,Primary Energy,EJ/yr,27.40,31.35,35.98,44.78,55.52,64.47,,,,,
AIM-Enduse 12.1,EMF27-Base-FullTech,MAF,Emissions|CO2,Mt CO2/yr,4302.21,4487.49,4371.98,4751.63,5389.48,6082.37,,,,,
AIM-Enduse 12.1,EMF27-Base-FullTech,MAF,Emissions|CO2|Fossil Fuels and Industry,Mt CO2/yr,2262.46,2684.91,2712.20,3405.79,4555.32,5739.09,,,,,
AIM-Enduse 12.1,EMF27-Base-FullTech,MAF,Primary Energy,EJ/yr,42.68,50.12,51.85,64.44,84.12,105.05,,,,,
AIM-Enduse 12.1,EMF27-Base-FullTech,OECD90,Emissions|CO2,Mt CO2/yr,12085.85,12744.16,12642.70,13332.29,13742.93,14150.35,,,,,
AIM-Enduse 12.1,EMF27-Base-FullTech,OECD90,Emissions|CO2|Fossil Fuels and Industry,Mt CO2/yr,12000.81,12669.01,12573.50,13276.18,13708.16,14136.03,,,,,
AIM-Enduse 12.1,EMF27-Base-FullTech,OECD90,Primary Energy,EJ/yr,193.12,202.28,197.10,203.56,208.76,215.23,,,,,
AIM-Enduse 12.1,EMF27-Base-FullTech,REF,Emissions|CO2,Mt CO2/yr,3306.95,3604.39,3838.82,4220.97,4866.31,5615.39,,,,,
AIM-Enduse 12.1,EMF27-Base-FullTech,REF,Emissions|CO2|Fossil Fuels and Industry,Mt CO2/yr,3265.30,3567.58,3804.92,4193.48,4849.28,5608.38,,,,,
AIM-Enduse 12.1,EMF27-Base-FullTech,REF,Primary Energy,EJ/yr,48.54,52.61,56.56,61.95,70.94,81.42,,,,,
AIM-Enduse 12.1,EMF27-Base-FullTech,World,Emissions|CO2,Mt CO2/yr,34492.05,38313.59,39612.60,43835.49,49027.80,54552.86,,,,,
AIM-Enduse 12.1,EMF27-Base-FullTech,World,Emissions|CO2|Fossil Fuels and Industry,Mt CO2/yr,29048.12,33502.62,35182.77,40243.54,46801.50,53636.66,,,,,
AIM-Enduse 12.1,EMF27-Base-FullTech,World,Emissions|CO2|Fossil Fuels and Industry|Energy Supply,Mt CO2/yr,12686.70,14569.92,14676.46,16187.91,18347.82,20631.89,,,,,
AIM-Enduse 12.1,EMF27-Base-FullTech,World,Emissions|CO2|Fossil Fuels and Industry|Energy Supply|Electricity,Mt CO2/yr,10168.56,11838.83,12209.24,13804.27,15910.83,17935.58,,,,,
AIM-Enduse 12.1,EMF27-Base-FullTech,World,Price|Carbon,US$2005/t CO2,0.00,0.00,0.00,0.00,0.00,0.00,,,,,
AIM-Enduse 12.1,EMF27-Base-FullTech,World,Primary Energy,EJ/yr,458.20,518.81,545.24,619.43,715.12,816.88,,,,,
AIM-Enduse 12.1,EMF27-Base-FullTech,World,Primary Energy|Coal,EJ/yr,122.98,148.41,168.91,203.63,239.73,274.45,,,,,
AIM-Enduse 12.1,EMF27-Base-FullTech,World,Primary Energy|Fossil|w/ CCS,EJ/yr,0.00,0.00,0.00,0.00,0.00,0.00,,,,,
AIM-Enduse 12.1,EMF27-G8-EERE,ASIA,Emissions|CO2,Mt CO2/yr,10540.74,13152.56,13415.94,10147.89,7637.61,4435.80,,,,,
AIM-Enduse 12.1,EMF27-G8-EERE,ASIA,Emissions|CO2|Fossil Fuels and Industry,Mt CO2/yr,9126.18,11902.47,12264.89,9214.55,7059.13,4197.73,,,,,
AIM-Enduse 12.1,EMF27-G8-EERE,ASIA,Primary Energy,EJ/yr,133.56,168.68,176.70,158.38,175.97,214.79,,,,,
AIM-Enduse 12.1,EMF27-G8-EERE,LAM,Emissions|CO2,Mt CO2/yr,3285.00,3286.52,3106.39,2825.27,1784.31,899.06,,,,,
AIM-Enduse 12.1,EMF27-G8-EERE,LAM,Emissions|CO2|Fossil Fuels and Industry,Mt CO2/yr,1422.06,1640.18,1590.48,1596.08,1022.46,585.53,,,,,
AIM-Enduse 12.1,EMF27-G8-EERE,LAM,Primary Energy,EJ/yr,27.40,31.35,31.20,33.42,41.91,48.99,,,,,
AIM-Enduse 12.1,EMF27-G8-EERE,MAF,Emissions|CO2,Mt CO2/yr,4302.21,4487.02,4091.19,3977.50,3659.80,3336.85,,,,,
AIM-Enduse 12.1,EMF27-G8-EERE,MAF,Emissions|CO2|Fossil Fuels and Industry,Mt CO2/yr,2262.46,2684.44,2431.42,2631.66,2825.65,2993.57,,,,,
AIM-Enduse 12.1,EMF27-G8-EERE,MAF,Primary Energy,EJ/yr,42.68,50.12,47.28,52.42,63.42,74.44,,,,,
AIM-Enduse 12.1,EMF27-G8-EERE,OECD90,Emissions|CO2,Mt CO2/yr,12085.85,12750.81,10276.06,8833.95,5845.24,3473.56,,,,,
AIM-Enduse 12.1,EMF27-G8-EERE,OECD90,Emissions|CO2|Fossil Fuels and Industry,Mt CO2/yr,12000.81,12675.66,10206.87,8777.84,5810.47,3459.25,,,,,
AIM-Enduse 12.1,EMF27-G8-EERE,OECD90,Primary Energy,EJ/yr,193.12,202.25,166.47,152.43,146.52,140.48,,,,,
AIM-Enduse 12.1,EMF27-G8-EERE,REF,Emissions|CO2,Mt CO2/yr,3306.95,3596.74,3453.29,3468.73,3376.25,3058.68,,,,,
AIM-Enduse 12.1,EMF27-G8-EERE,REF,Emissions|CO2|Fossil Fuels and Industry,Mt CO2/yr,3265.30,3559.93,3419.39,3441.25,3359.22,3051.67,,,,,
AIM-Enduse 12.1,EMF27-G8-EERE,REF,Primary Energy,EJ/yr,48.54,52.54,51.16,51.59,55.14,59.27,,,,,
AIM-Enduse 12.1,EMF27-G8-EERE,World,Emissions|CO2,Mt CO2/yr,34492.05,38304.41,35425.96,30395.43,23536.71,16487.83,,,,,
AIM-Enduse 12.1,EMF27-G8-EERE,World,Emissions|CO2|Fossil Fuels and Industry,Mt CO2/yr,29048.12,33493.44,30996.14,26803.48,21310.42,15571.63,,,,,
AIM-Enduse 12.1,EMF27-G8-EERE,World,Emissions|CO2|Fossil Fuels and Industry|Energy Supply,Mt CO2/yr,12686.70,14560.75,12278.73,8348.83,5241.57,3370.82,,,,,
AIM-Enduse 12.1,EMF27-G8-EERE,World,Emissions|CO2|Fossil Fuels and Industry|Energy Supply|Electricity,Mt CO2/yr,10168.56,11829.72,9951.84,6208.43,3488.80,2054.59,,,,,
AIM-Enduse 12.1,EMF27-G8-EERE,World,Price|Carbon,US$2005/t CO2,0.00,0.00,0.00,0.00,0.00,0.00,,,,,
AIM-Enduse 12.1,EMF27-G8-EERE,World,Primary Energy,EJ/yr,458.20,518.64,487.22,463.48,499.48,555.22,,,,,
AIM-Enduse 12.1,EMF27-G8-EERE,World,Primary Energy|Coal,EJ/yr,122.98,148.34,142.46,81.07,42.23,27.75,,,,,
AIM-Enduse 12.1,EMF27-G8-EERE,World,Primary Energy|Fossil|w/ CCS,EJ/yr,0.00,0.00,0.00,0.00,0.00,0.00,,,,,
GCAM 3.0,AMPERE3-450,World,Emissions|CO2,Mt CO2/yr,31473.40,31678.13,38660.77,45110.97,44768.14,34990.09,19397.62,1208.73,-17387.30,-37099.22,-57844.17
GCAM 3.0,AMPERE3-450,World,Price|Carbon,US$2005/t CO2,0.00,0.00,15.10,24.60,40.07,65.27,106.32,173.18,282.10,459.51,713.42
GCAM 3.0,AMPERE3-450,World,Primary Energy,EJ/yr,460.41,504.35,618.51,743.09,848.71,935.92,1001.75,1091.21,1177.40,1281.61,1418.91
GCAM 3.0,AMPERE3-450,World,Primary Energy|Coal,EJ/yr,120.76,144.95,176.44,204.42,212.84,186.02,138.23,106.98,82.44,36.55,14.89
GCAM 3.0,AMPERE3-450,World,Primary Energy|Fossil|w/ CCS,EJ/yr,0.00,0.00,1.98,13.88,48.84,107.91,150.78,161.99,157.22,115.80,99.55
GCAM 3.0,AMPERE3-450,World,Temperature|Global Mean|MAGICC6|MED,°C,0.72,0.79,1.02,1.32,1.65,1.96,2.21,2.35,2.37,2.30,2.12
GCAM 3.0,AMPERE3-450P-CE,World,Emissions|CO2,Mt CO2/yr,31473.40,31678.14,38603.90,46071.54,43844.74,34636.41,19108.64,1129.57,-17399.41,-37076.52,-57817.45
GCAM 3.0,AMPERE3-450P-CE,World,Price|Carbon,US$2005/t CO2,0.00,0.00,0.00,2.52,33.91,65.26,106.32,173.16,282.08,459.50,713.40
GCAM 3.0,AMPERE3-450P-CE,World,Primary Energy,EJ/yr,460.41,504.35,618.74,753.34,849.79,942.16,1005.56,1092.56,1177.72,1281.71,1418.59
GCAM 3.0,AMPERE3-450P-CE,World,Primary Energy|Coal,EJ/yr,120.76,144.95,178.98,218.24,213.35,192.45,142.64,108.72,82.73,36.89,15.22
GCAM 3.0,AMPERE3-450P-CE,World,Primary Energy|Fossil|w/ CCS,EJ/yr,0.00,0.00,2.70,14.02,49.45,110.02,154.39,163.98,158.30,117.07,100.43
GCAM 3.0,AMPERE3-450P-CE,World,Temperature|Global Mean|MAGICC6|MED,°C,0.77,0.84,1.07,1.36,1.69,2.00,2.25,2.38,2.41,2.34,2.16
GCAM 3.0,AMPERE3-450P-EU,World,Emissions|CO2,Mt CO2/yr,31473.40,31678.14,39487.87,47419.61,45118.79,35081.54,19182.91,1166.07,-17384.21,-37079.51,-57832.34
GCAM 3.0,AMPERE3-450P-EU,World,Price|Carbon,US$2005/t CO2,0.00,0.00,0.00,2.52,33.91,65.26,106.32,173.16,282.08,459.50,713.40
GCAM 3.0,AMPERE3-450P-EU,World,Primary Energy,EJ/yr,460.41,504.35,624.50,769.43,857.29,943.23,1002.71,1089.48,1177.26,1282.19,1420.23
GCAM 3.0,AMPERE3-450P-EU,World,Primary Energy|Coal,EJ/yr,120.76,144.95,189.86,241.25,224.25,191.70,136.72,102.51,80.72,35.70,14.45
GCAM 3.0,AMPERE3-450P-EU,World,Primary Energy|Fossil|w/ CCS,EJ/yr,0.00,0.00,2.66,13.96,42.59,102.50,146.95,156.77,155.35,116.08,100.00
GCAM 3.0,AMPERE3-450P-EU,World,Temperature|Global Mean|MAGICC6|MED,°C,0.79,0.86,1.09,1.39,1.72,2.03,2.28,2.42,2.45,2.38,2.20
GCAM 3.0,AMPERE3-550,World,Emissions|CO2,Mt CO2/yr,31473.40,31678.13,39660.52,47541.01,50744.18,46992.91,34172.78,17064.62,-2639.86,-21628.98,-42437.11
GCAM 3.0,AMPERE3-550,World,Price|Carbon,US$2005/t CO2,0.00,0.00,10.30,16.78,27.33,44.52,72.51,118.11,192.39,313.39,486.56
GCAM 3.0,AMPERE3-550,World,Primary Energy,EJ/yr,458.03,501.89,622.66,751.83,863.50,956.22,1007.66,1064.33,1146.19,1221.76,1331.16
GCAM 3.0,AMPERE3-550,World,Primary Energy|Coal,EJ/yr,120.76,144.95,184.70,221.50,242.98,237.12,187.54,131.81,103.09,72.41,34.61
GCAM 3.0,AMPERE3-550,World,Primary Energy|Fossil|w/ CCS,EJ/yr,0.00,0.00,1.52,9.76,32.75,75.68,119.13,151.33,159.48,144.44,112.71
GCAM 3.0,AMPERE3-550,World,Temperature|Global Mean|MAGICC6|MED,°C,0.83,0.90,1.13,1.43,1.77,2.11,2.42,2.64,2.76,2.77,2.68
GCAM 3.0,AMPERE3-Base-EUback,World,Emissions|CO2,Mt CO2/yr,31473.40,31678.13,41826.41,52214.95,63459.29,75453.50,81730.83,86384.17,89308.29,92285.81,96090.28
GCAM 3.0,AMPERE3-Base-EUback,World,Price|Carbon,US$2005/t CO2,0.00,0.00,0.00,0.00,0.00,0.00,0.00,0.00,0.00,0.00,0.00
GCAM 3.0,AMPERE3-Base-EUback,World,Primary Energy,EJ/yr,457.76,501.61,632.27,788.66,934.72,1073.33,1174.84,1261.38,1328.94,1395.49,1470.71
GCAM 3.0,AMPERE3-Base-EUback,World,Primary Energy|Coal,EJ/yr,120.76,144.95,201.07,271.00,344.24,424.09,478.42,518.29,539.32,557.29,559.09
GCAM 3.0,AMPERE3-Base-EUback,World,Primary Energy|Fossil|w/ CCS,EJ/yr,0.00,0.00,1.17,4.63,4.59,0.00,0.00,0.00,0.00,0.00,0.00
GCAM 3.0,AMPERE3-Base-EUback,World,Temperature|Global Mean|MAGICC6|MED,°C,0.81,0.88,1.11,1.43,1.80,2.23,2.70,3.19,3.68,4.18,4.64
GCAM 3.0,AMPERE3-CF450P-EU,World,Emissions|CO2,Mt CO2/yr,31473.40,31678.13,41826.41,52214.95,49660.44,36881.63,19617.99,995.01,-17475.49,-37146.77,-57853.52
GCAM 3.0,AMPERE3-CF450P-EU,World,Price|Carbon,US$2005/t CO2,0.00,0.00,0.00,0.00,32.63,65.26,106.32,173.16,282.08,459.50,713.40
GCAM 3.0,AMPERE3-CF450P-EU,World,Primary Energy,EJ/yr,460.41,504.35,635.96,793.04,870.95,942.83,1001.18,1087.41,1176.79,1282.69,1420.85
GCAM 3.0,AMPERE3-CF450P-EU,World,Primary Energy|Coal,EJ/yr,120.76,144.95,201.07,271.00,248.20,197.64,135.68,100.55,79.96,35.60,14.55
GCAM 3.0,AMPERE3-CF450P-EU,World,Primary Energy|Fossil|w/ CCS,EJ/yr,0.00,0.00,1.17,4.63,30.50,91.62,138.88,152.58,154.43,115.22,99.12
GCAM 3.0,AMPERE3-CF450P-EU,World,Temperature|Global Mean|MAGICC6|MED,°C,0.82,0.89,1.12,1.44,1.81,2.14,2.40,2.53,2.56,2.49,2.31
GCAM 3.0,AMPERE3-RefPol,World,Emissions|CO2,Mt CO2/yr,31473.40,31678.14,39787.42,48131.28,52770.92,54537.50,54976.51,54792.56,53594.22,51287.98,49551.47
GCAM 3.0,AMPERE3-RefPol,World,Price|Carbon,US$2005/t CO2,0.00,0.00,0.00,2.52,13.29,27.81,44.07,59.50,71.32,86.41,101.47
GCAM 3.0,AMPERE3-RefPol,World,Primary Energy,EJ/yr,457.76,501.61,622.68,764.56,884.66,995.11,1080.88,1155.01,1214.59,1275.17,1325.32
GCAM 3.0,AMPERE3-RefPol,World,Primary Energy|Coal,EJ/yr,120.76,144.95,191.80,243.44,273.15,291.68,308.12,315.06,313.88,304.55,288.94
GCAM 3.0,AMPERE3-RefPol,World,Primary Energy|Fossil|w/ CCS,EJ/yr,0.00,0.00,2.31,12.49,29.51,56.97,75.64,85.91,92.81,101.06,97.59
GCAM 3.0,AMPERE3-RefPol,World,Temperature|Global Mean|MAGICC6|MED,°C,0.80,0.87,1.11,1.41,1.74,2.09,2.44,2.78,3.10,3.41,3.72
GCAM 3.0,EMF27-450-Conv,ASIA,Emissions|CO2,Mt CO2/yr,10579.48,12895.66,11695.80,11358.51,6779.00,5146.00,3466.85,1863.52,335.24,-877.69,-1471.87
GCAM 3.0,EMF27-450-Conv,ASIA,Emissions|CO2|Fossil Fuels and Industry,Mt CO2/yr,9465.69,11873.82,12644.00,10853.94,7599.85,5713.16,3980.99,2458.41,1046.20,-65.79,-599.62
GCAM 3.0,EMF27-450-Conv,ASIA,Primary Energy,EJ/yr,135.57,163.32,200.69,252.36,298.81,332.82,356.82,375.96,381.45,370.28,348.90
GCAM 3.0,EMF27-450-Conv,LAM,Emissions|CO2,Mt CO2/yr,2553.32,2369.08,-3697.66,-3313.88,-1880.82,-1155.81,-927.70,-906.08,-1069.30,-1372.50,-2166.92
GCAM 3.0,EMF27-450-Conv,LAM,Emissions|CO2|Fossil Fuels and Industry,Mt CO2/yr,1475.06,1644.90,1625.92,1445.98,1113.67,784.85,457.91,143.49,-219.17,-653.15,-1544.30
GCAM 3.0,EMF27-450-Conv,LAM,Primary Energy,EJ/yr,29.03,31.59,35.11,41.18,46.60,52.54,59.56,69.00,78.98,87.13,91.45
GCAM 3.0,EMF27-450-Conv,MAF,Emissions|CO2,Mt CO2/yr,3417.12,3686.46,-4784.45,-3667.70,-847.70,162.93,439.69,458.65,283.85,-48.21,-348.48
GCAM 3.0,EMF27-450-Conv,MAF,Emissions|CO2|Fossil Fuels and Industry,Mt CO2/yr,2401.59,2805.56,3039.21,2854.74,2350.58,1875.85,1393.03,1019.21,688.85,257.41,-122.84
GCAM 3.0,EMF27-450-Conv,MAF,Primary Energy,EJ/yr,48.27,56.05,69.38,84.47,97.47,111.44,125.78,138.61,147.25,153.87,158.31
GCAM 3.0,EMF27-450-Conv,OECD90,Emissions|CO2,Mt CO2/yr,11886.56,12386.37,8905.57,7105.95,3795.78,2284.64,1365.37,718.45,-118.15,-724.60,-1424.06
GCAM 3.0,EMF27-450-Conv,OECD90,Emissions|CO2|Fossil Fuels and Industry,Mt CO2/yr,12117.42,12399.31,11142.48,8756.15,5745.18,3846.77,2699.48,1730.14,791.65,-10.12,-752.44
GCAM 3.0,EMF27-450-Conv,OECD90,Primary Energy,EJ/yr,195.21,197.67,193.52,192.79,190.17,190.11,186.72,178.63,167.51,153.66,140.84
GCAM 3.0,EMF27-450-Conv,REF,Emissions|CO2,Mt CO2/yr,3037.14,3363.40,42.05,-360.90,-869.87,-949.20,-1054.32,-1111.13,-1183.24,-596.35,-718.26
GCAM 3.0,EMF27-450-Conv,REF,Emissions|CO2|Fossil Fuels and Industry,Mt CO2/yr,3214.36,3567.49,3343.41,2776.01,1903.55,1306.06,821.52,422.91,106.47,-174.44,-404.36
GCAM 3.0,EMF27-450-Conv,REF,Primary Energy,EJ/yr,50.73,55.96,57.31,59.99,61.14,62.31,62.79,62.33,59.64,57.09,55.44
GCAM 3.0,EMF27-450-Conv,World,Emissions|CO2,Mt CO2/yr,31473.62,34700.97,12161.32,11121.98,6976.38,5488.54,3289.90,1023.41,-1751.60,-3619.36,-6129.59
GCAM 3.0,EMF27-450-Conv,World,Emissions|CO2|Fossil Fuels and Industry,Mt CO2/yr,28674.11,32291.08,31795.02,26686.81,18712.83,13526.69,9352.92,5774.16,2413.99,-646.09,-3423.57
GCAM 3.0,EMF27-450-Conv,World,Emissions|CO2|Fossil Fuels and Industry|Energy Supply,Mt CO2/yr,11963.94,13919.58,13711.32,9098.15,1834.65,-1758.12,-3879.84,-4969.07,-5738.85,-6365.90,-6184.62
GCAM 3.0,EMF27-450-Conv,World,Emissions|CO2|Fossil Fuels and Industry|Energy Supply|Electricity,Mt CO2/yr,10184.51,11898.12,11992.37,8251.59,2198.30,-916.05,-2697.31,-3498.08,-4165.62,-4452.68,-3815.31
GCAM 3.0,EMF27-450-Conv,World,Price|Carbon,US$2005/t CO2,0.00,0.00,40.19,65.46,106.63,173.68,282.91,460.84,750.66,1222.74,1898.38
GCAM 3.0,EMF27-450-Conv,World,Primary Energy,EJ/yr,458.82,504.59,556.01,630.79,694.18,749.23,791.67,824.53,834.82,822.03,794.94
GCAM 3.0,EMF27-450-Conv,World,Primary Energy|Coal,EJ/yr,120.76,146.60,130.35,120.71,111.69,117.59,118.03,113.35,92.42,60.22,26.71
GCAM 3.0,EMF27-450-Conv,World,Primary Energy|Fossil|w/ CCS,EJ/yr,0.00,0.03,7.24,52.90,120.23,176.87,210.07,222.32,201.00,155.35,98.40
GCAM 3.0,EMF27-450-Conv,World,Temperature|Global Mean|MAGICC6|MED,°C,0.81,0.89,1.06,1.17,1.29,1.37,1.42,1.46,1.48,1.48,1.46
GCAM 3.0,EMF27-450-NoCCS,ASIA,Emissions|CO2,Mt CO2/yr,10579.48,12887.52,11543.89,12802.61,9395.33,6949.79,4323.91,2140.74,61.59,-1757.29,-3163.23
GCAM 3.0,EMF27-450-NoCCS,ASIA,Emissions|CO2|Fossil Fuels and Industry,Mt CO2/yr,9465.69,11865.65,12567.74,12405.13,9784.48,7174.16,4710.03,2525.89,513.34,-1233.89,-2554.00
GCAM 3.0,EMF27-450-NoCCS,ASIA,Primary Energy,EJ/yr,135.57,163.27,196.24,234.50,260.44,283.53,306.89,334.65,364.50,386.09,405.93
GCAM 3.0,EMF27-450-NoCCS,LAM,Emissions|CO2,Mt CO2/yr,2553.32,2368.14,-3909.28,-3251.88,-1694.26,-767.95,-580.60,-643.46,-803.99,-1078.48,-1291.50
GCAM 3.0,EMF27-450-NoCCS,LAM,Emissions|CO2|Fossil Fuels and Industry,Mt CO2/yr,1475.06,1643.95,1610.45,1636.61,1312.13,1076.99,670.81,272.74,-85.49,-476.42,-758.29
GCAM 3.0,EMF27-450-NoCCS,LAM,Primary Energy,EJ/yr,29.03,31.58,34.62,39.81,44.20,47.37,51.53,59.97,70.44,81.38,92.22
GCAM 3.0,EMF27-450-NoCCS,MAF,Emissions|CO2,Mt CO2/yr,3417.12,3684.30,-4926.84,-3438.25,-181.13,850.19,739.71,311.15,-368.94,-1173.42,-2057.29
GCAM 3.0,EMF27-450-NoCCS,MAF,Emissions|CO2|Fossil Fuels and Industry,Mt CO2/yr,2401.59,2803.40,3004.11,3134.95,2989.90,2493.84,1639.87,840.86,-20.27,-908.60,-1836.32
GCAM 3.0,EMF27-450-NoCCS,MAF,Primary Energy,EJ/yr,48.27,56.03,68.47,81.75,92.18,101.15,111.95,129.15,150.18,170.90,200.40
GCAM 3.0,EMF27-450-NoCCS,OECD90,Emissions|CO2,Mt CO2/yr,11886.56,12383.07,8595.39,7343.12,5217.96,3850.81,2538.33,1449.84,338.39,-504.21,-1237.98
GCAM 3.0,EMF27-450-NoCCS,OECD90,Emissions|CO2|Fossil Fuels and Industry,Mt CO2/yr,12117.42,12396.00,10914.33,9100.15,6998.40,5211.67,3674.33,2210.14,968.14,-92.06,-859.71
GCAM 3.0,EMF27-450-NoCCS,OECD90,Primary Energy,EJ/yr,195.21,197.64,190.45,185.64,175.74,168.23,161.23,154.96,147.64,141.14,139.78
GCAM 3.0,EMF27-450-NoCCS,REF,Emissions|CO2,Mt CO2/yr,3037.14,3362.26,-65.11,-346.35,-625.82,-539.91,-703.68,-790.95,-891.21,-319.48,-486.19
GCAM 3.0,EMF27-450-NoCCS,REF,Emissions|CO2|Fossil Fuels and Industry,Mt CO2/yr,3214.36,3566.35,3290.17,2849.77,2141.27,1634.17,1063.04,592.99,247.72,-38.93,-271.59
GCAM 3.0,EMF27-450-NoCCS,REF,Primary Energy,EJ/yr,50.73,55.95,56.43,57.59,55.83,54.45,53.27,54.28,54.50,55.40,59.28
GCAM 3.0,EMF27-450-NoCCS,World,Emissions|CO2,Mt CO2/yr,31473.62,34685.29,11238.06,13109.25,12112.07,10342.93,6317.67,2467.32,-1664.16,-4832.87,-8236.19
GCAM 3.0,EMF27-450-NoCCS,World,Emissions|CO2|Fossil Fuels and Industry,Mt CO2/yr,28674.11,32275.35,31386.80,29126.62,23226.18,17590.84,11758.08,6442.62,1623.44,-2749.90,-6279.90
GCAM 3.0,EMF27-450-NoCCS,World,Emissions|CO2|Fossil Fuels and Industry|Energy Supply,Mt CO2/yr,11963.94,13900.88,13392.88,10743.78,5826.34,2174.45,-1243.63,-3798.41,-5912.97,-7883.72,-9630.72
GCAM 3.0,EMF27-450-NoCCS,World,Emissions|CO2|Fossil Fuels and Industry|Energy Supply|Electricity,Mt CO2/yr,10184.51,11879.50,11691.33,9534.34,5465.51,3069.37,1386.22,892.57,654.31,400.35,218.61
GCAM 3.0,EMF27-450-NoCCS,World,Price|Carbon,US$2005/t CO2,0.00,0.00,45.30,73.80,120.21,195.80,318.94,519.52,846.25,1378.45,2140.14
GCAM 3.0,EMF27-450-NoCCS,World,Primary Energy,EJ/yr,458.82,504.45,546.22,599.28,628.39,654.74,684.87,733.00,787.27,834.91,897.61
GCAM 3.0,EMF27-450-NoCCS,World,Primary Energy|Coal,EJ/yr,120.76,146.48,120.21,86.45,38.15,16.54,9.28,6.82,6.08,4.77,0.01
GCAM 3.0,EMF27-450-NoCCS,World,Primary Energy|Fossil|w/ CCS,EJ/yr,0.00,0.03,0.06,0.09,0.11,0.13,0.13,0.10,0.09,0.05,0.00
GCAM 3.0,EMF27-450-NoCCS,World,Temperature|Global Mean|MAGICC6|MED,°C,0.81,0.89,1.07,1.17,1.30,1.40,1.47,1.52,1.53,1.52,1.49
GCAM 3.0,EMF27-550-LimBio,ASIA,Emissions|CO2,Mt CO2/yr,10579.48,12887.52,14115.35,17022.20,13967.14,9888.24,6897.94,5364.43,4181.83,3304.53,2651.28
GCAM 3.0,EMF27-550-LimBio,ASIA,Emissions|CO2|Fossil Fuels and Industry,Mt CO2/yr,9465.69,11865.65,14476.24,16389.26,14387.01,10322.91,7408.29,5996.96,4883.82,4051.53,3428.49
GCAM 3.0,EMF27-550-LimBio,ASIA,Primary Energy,EJ/yr,135.57,163.27,210.19,266.39,313.43,346.42,369.30,390.36,413.16,424.25,419.14
GCAM 3.0,EMF27-550-LimBio,LAM,Emissions|CO2,Mt CO2/yr,2553.32,2368.14,-2317.65,-2030.61,-1062.81,-630.26,-596.68,-536.67,-430.27,-384.31,-415.81
GCAM 3.0,EMF27-550-LimBio,LAM,Emissions|CO2|Fossil Fuels and Industry,Mt CO2/yr,1475.06,1643.95,1784.07,1895.64,1704.41,1407.18,1043.31,763.76,565.92,388.55,201.05
GCAM 3.0,EMF27-550-LimBio,LAM,Primary Energy,EJ/yr,29.03,31.58,36.04,42.20,48.08,53.98,60.41,71.03,83.96,96.67,107.09
GCAM 3.0,EMF27-550-LimBio,MAF,Emissions|CO2,Mt CO2/yr,3417.12,3684.30,-3698.31,-2400.19,218.89,1117.70,1210.17,1294.55,1413.30,1560.36,1614.95
GCAM 3.0,EMF27-550-LimBio,MAF,Emissions|CO2|Fossil Fuels and Industry,Mt CO2/yr,2401.59,2803.40,3327.90,3707.01,3440.87,2977.12,2341.77,2004.29,1911.85,1905.99,1863.85
GCAM 3.0,EMF27-550-LimBio,MAF,Primary Energy,EJ/yr,48.27,56.03,71.07,87.09,101.48,115.31,129.69,146.42,160.74,171.11,183.14
GCAM 3.0,EMF27-550-LimBio,OECD90,Emissions|CO2,Mt CO2/yr,11886.56,12383.07,10348.10,10015.95,7673.18,4855.63,3314.12,2517.07,1995.87,1803.63,1664.01
GCAM 3.0,EMF27-550-LimBio,OECD90,Emissions|CO2|Fossil Fuels and Industry,Mt CO2/yr,12117.42,12396.00,12096.87,11440.53,9239.03,6227.14,4577.64,3570.54,2928.20,2516.95,2288.52
GCAM 3.0,EMF27-550-LimBio,OECD90,Primary Energy,EJ/yr,195.21,197.64,199.79,203.64,200.78,196.24,193.24,191.36,187.41,182.16,185.30
GCAM 3.0,EMF27-550-LimBio,REF,Emissions|CO2,Mt CO2/yr,3037.14,3362.26,722.38,669.65,389.65,-61.06,-412.51,-541.34,-555.02,161.99,315.26
GCAM 3.0,EMF27-550-LimBio,REF,Emissions|CO2|Fossil Fuels and Industry,Mt CO2/yr,3214.36,3566.35,3650.49,3595.26,3014.33,2134.77,1479.05,1049.18,779.63,678.47,685.16
GCAM 3.0,EMF27-550-LimBio,REF,Primary Energy,EJ/yr,50.73,55.95,59.79,63.84,65.65,65.95,65.09,65.97,66.08,65.62,70.16
GCAM 3.0,EMF27-550-LimBio,World,Emissions|CO2,Mt CO2/yr,31473.62,34685.29,19169.88,23277.01,21186.04,15170.25,10413.05,8098.03,6605.72,6446.21,5829.69
GCAM 3.0,EMF27-550-LimBio,World,Emissions|CO2|Fossil Fuels and Industry,Mt CO2/yr,28674.11,32275.35,35335.58,37027.69,31785.65,23069.12,16850.07,13384.73,11069.42,9541.48,8467.08
GCAM 3.0,EMF27-550-LimBio,World,Emissions|CO2|Fossil Fuels and Industry|Energy Supply,Mt CO2/yr,11963.94,13900.88,15276.28,15787.23,11362.52,3908.63,-830.44,-3101.46,-4276.87,-4950.79,-5575.23
GCAM 3.0,EMF27-550-LimBio,World,Emissions|CO2|Fossil Fuels and Industry|Energy Supply|Electricity,Mt CO2/yr,10184.51,11879.50,13178.67,13850.31,10187.61,3692.27,-362.46,-1943.61,-2747.55,-3178.70,-3119.35
GCAM 3.0,EMF27-550-LimBio,World,Price|Carbon,US$2005/t CO2,0.00,0.00,20.68,33.69,54.87,89.38,145.59,206.61,277.65,348.70,419.74
GCAM 3.0,EMF27-550-LimBio,World,Primary Energy,EJ/yr,458.82,504.45,576.89,663.16,729.41,777.90,817.73,865.14,911.34,939.80,964.83
GCAM 3.0,EMF27-550-LimBio,World,Primary Energy|Coal,EJ/yr,120.76,146.48,152.96,164.35,150.79,126.73,116.50,114.85,115.93,110.20,112.60
GCAM 3.0,EMF27-550-LimBio,World,Primary Energy|Fossil|w/ CCS,EJ/yr,0.00,0.03,2.14,18.30,59.09,116.61,156.88,176.26,188.95,183.44,179.97
GCAM 3.0,EMF27-550-LimBio,World,Temperature|Global Mean|MAGICC6|MED,°C,0.81,0.88,1.06,1.20,1.39,1.55,1.67,1.74,1.80,1.84,1.89
GCAM 3.0,EMF27-Base-FullTech,ASIA,Emissions|CO2,Mt CO2/yr,10579.48,12887.52,18632.25,24145.73,28659.06,32966.15,36148.01,38312.50,39483.38,39586.94,38153.80
GCAM 3.0,EMF27-Base-FullTech,ASIA,Emissions|CO2|Fossil Fuels and Industry,Mt CO2/yr,9465.69,11865.65,17225.08,22668.66,27726.77,32101.17,35709.04,38191.08,39579.64,39783.93,38475.88
GCAM 3.0,EMF27-Base-FullTech,ASIA,Primary Energy,EJ/yr,135.57,163.27,230.04,303.67,375.35,443.14,502.88,551.48,588.02,607.14,610.39
GCAM 3.0,EMF27-Base-FullTech,LAM,Emissions|CO2,Mt CO2/yr,2553.32,2368.14,2768.74,3156.74,3346.44,3740.06,3931.27,4388.97,5047.87,5700.86,6138.32
GCAM 3.0,EMF27-Base-FullTech,LAM,Emissions|CO2|Fossil Fuels and Industry,Mt CO2/yr,1475.06,1643.95,1991.69,2376.85,2800.32,3277.30,3734.04,4354.02,5091.13,5798.76,6318.59
GCAM 3.0,EMF27-Base-FullTech,LAM,Primary Energy,EJ/yr,29.03,31.58,37.74,45.32,53.14,62.14,71.38,83.96,99.32,114.73,127.16
GCAM 3.0,EMF27-Base-FullTech,MAF,Emissions|CO2,Mt CO2/yr,3417.12,3684.30,4663.55,5564.81,6539.66,7810.02,8609.39,9748.36,11015.22,12119.42,13155.77
GCAM 3.0,EMF27-Base-FullTech,MAF,Emissions|CO2|Fossil Fuels and Industry,Mt CO2/yr,2401.59,2803.40,3760.11,4710.85,5783.85,7107.99,8314.61,9690.33,11080.73,12271.07,13407.34
GCAM 3.0,EMF27-Base-FullTech,MAF,Primary Energy,EJ/yr,48.27,56.03,74.25,93.50,112.98,135.64,159.39,186.43,213.14,235.64,257.62
GCAM 3.0,EMF27-Base-FullTech,OECD90,Emissions|CO2,Mt CO2/yr,11886.56,12383.07,13174.50,13813.53,14049.70,14492.54,14758.92,14788.33,14765.86,14857.80,15033.27
GCAM 3.0,EMF27-Base-FullTech,OECD90,Emissions|CO2|Fossil Fuels and Industry,Mt CO2/yr,12117.42,12396.00,13009.45,13445.96,13856.23,14268.99,14583.64,14745.46,14820.50,14931.13,15140.38
GCAM 3.0,EMF27-Base-FullTech,OECD90,Primary Energy,EJ/yr,195.21,197.64,207.63,217.85,225.18,231.90,235.42,236.62,236.06,235.17,236.49
GCAM 3.0,EMF27-Base-FullTech,REF,Emissions|CO2,Mt CO2/yr,3037.14,3362.26,4079.43,4552.55,4713.51,4978.87,4934.01,4886.82,4935.51,4941.59,5108.01
GCAM 3.0,EMF27-Base-FullTech,REF,Emissions|CO2|Fossil Fuels and Industry,Mt CO2/yr,3214.36,3566.35,4043.50,4377.68,4647.79,4875.71,4854.17,4837.98,4869.16,4933.64,5124.61
GCAM 3.0,EMF27-Base-FullTech,REF,Primary Energy,EJ/yr,50.73,55.95,63.44,69.68,74.87,79.63,80.62,81.41,82.38,84.12,87.93
GCAM 3.0,EMF27-Base-FullTech,World,Emissions|CO2,Mt CO2/yr,31473.62,34685.29,43318.48,51233.36,57308.36,63987.64,68381.59,72124.98,75247.84,77206.61,77589.17
GCAM 3.0,EMF27-Base-FullTech,World,Emissions|CO2|Fossil Fuels and Industry,Mt CO2/yr,28674.11,32275.35,40029.84,47579.99,54814.96,61631.16,67195.51,71818.87,75441.15,77718.53,78466.79
GCAM 3.0,EMF27-Base-FullTech,World,Emissions|CO2|Fossil Fuels and Industry|Energy Supply,Mt CO2/yr,11963.94,13900.88,17440.71,21676.38,26038.88,30539.69,33650.36,35996.28,37865.02,38911.09,38689.60
GCAM 3.0,EMF27-Base-FullTech,World,Emissions|CO2|Fossil Fuels and Industry|Energy Supply|Electricity,Mt CO2/yr,10184.51,11879.50,14769.66,18164.19,21284.54,24075.09,25735.44,26670.92,27601.09,28454.49,29074.67
GCAM 3.0,EMF27-Base-FullTech,World,Price|Carbon,US$2005/t CO2,0.00,0.00,0.00,0.00,0.00,0.00,0.00,0.00,0.00,0.00,0.00
GCAM 3.0,EMF27-Base-FullTech,World,Primary Energy,EJ/yr,458.82,504.45,613.10,730.03,841.52,952.45,1049.69,1139.91,1218.93,1276.80,1319.59
GCAM 3.0,EMF27-Base-FullTech,World,Primary Energy|Coal,EJ/yr,120.76,146.48,192.62,243.82,296.82,352.59,400.30,437.52,463.42,475.25,464.06
GCAM 3.0,EMF27-Base-FullTech,World,Primary Energy|Fossil|w/ CCS,EJ/yr,0.00,0.03,0.05,0.09,0.12,0.16,0.20,0.25,0.27,0.29,0.29
GCAM 3.0,EMF27-Base-FullTech,World,Temperature|Global Mean|MAGICC6|MED,°C,0.81,0.87,1.11,1.41,1.77,2.15,2.55,2.96,3.36,3.76,4.16
IMAGE 2.4,AMPERE3-450,World,Emissions|CO2,Mt CO2/yr,34111.29,35344.27,36059.37,32234.66,19608.88,15150.28,6668.57,-677.70,-3156.89,-6273.64,-7112.29
IMAGE 2.4,AMPERE3-450,World,Price|Carbon,US$2005/t CO2,0.00,0.66,47.13,66.73,76.80,109.31,130.10,162.86,188.72,223.19,211.20
IMAGE 2.4,AMPERE3-450,World,Primary Energy,EJ/yr,441.25,473.91,544.13,577.42,638.17,685.99,751.05,763.70,778.29,821.22,863.04
IMAGE 2.4,AMPERE3-450,World,Primary Energy|Coal,EJ/yr,111.62,138.69,148.60,121.24,102.62,101.41,111.41,138.40,181.03,224.03,264.77
IMAGE 2.4,AMPERE3-450,World,Primary Energy|Fossil|w/ CCS,EJ/yr,0.00,0.00,0.84,18.09,64.24,118.63,167.20,212.15,270.53,309.41,347.80
IMAGE 2.4,AMPERE3-450,World,Temperature|Global Mean|MAGICC6|MED,°C,0.87,0.92,1.14,1.39,1.59,1.72,1.80,1.83,1.84,1.82,1.78
IMAGE 2.4,AMPERE3-450P-CE,World,Emissions|CO2,Mt CO2/yr,34111.14,35343.93,38844.85,40453.35,31255.38,21628.42,13883.06,5169.80,-2754.38,-6409.44,-8174.45
IMAGE 2.4,AMPERE3-450P-CE,World,Price|Carbon,US$2005/t CO2,0.00,0.00,0.00,0.00,0.00,0.00,0.00,0.00,0.00,0.00,0.00
IMAGE 2.4,AMPERE3-450P-CE,World,Primary Energy,EJ/yr,441.25,473.91,580.13,654.46,676.13,695.56,750.32,766.26,792.33,837.14,879.08
IMAGE 2.4,AMPERE3-450P-CE,World,Primary Energy|Coal,EJ/yr,111.62,138.69,161.72,154.18,125.14,105.32,120.83,151.58,192.67,249.50,294.40
IMAGE 2.4,AMPERE3-450P-CE,World,Primary Energy|Fossil|w/ CCS,EJ/yr,0.00,0.00,0.57,4.51,22.20,67.16,145.10,210.40,267.38,333.57,374.04
IMAGE 2.4,AMPERE3-450P-CE,World,Temperature|Global Mean|MAGICC6|MED,°C,0.79,0.84,1.06,1.33,1.59,1.78,1.91,1.98,2.01,1.99,1.95
IMAGE 2.4,AMPERE3-450P-EU,World,Emissions|CO2,Mt CO2/yr,34111.14,35343.93,40612.22,46400.38,37347.97,25392.08,17060.16,7214.90,-2789.63,-6821.32,-7928.68
IMAGE 2.4,AMPERE3-450P-EU,World,Price|Carbon,US$2005/t CO2,0.00,0.00,0.00,0.00,0.00,108.28,128.76,161.29,186.78,221.30,209.21
IMAGE 2.4,AMPERE3-450P-EU,World,Primary Energy,EJ/yr,441.25,473.91,598.26,696.60,692.53,699.38,747.23,763.69,791.18,836.82,879.48
IMAGE 2.4,AMPERE3-450P-EU,World,Primary Energy|Coal,EJ/yr,111.62,138.69,173.83,193.98,153.90,122.29,131.70,153.42,187.40,249.47,300.00
IMAGE 2.4,AMPERE3-450P-EU,World,Primary Energy|Fossil|w/ CCS,EJ/yr,0.00,0.00,0.56,2.07,16.30,47.17,122.11,197.41,259.28,328.35,374.52
IMAGE 2.4,AMPERE3-450P-EU,World,Temperature|Global Mean|MAGICC6|MED,°C,0.80,0.85,1.07,1.35,1.65,1.87,2.02,2.11,2.15,2.13,2.09
IMAGE 2.4,AMPERE3-550,World,Emissions|CO2,Mt CO2/yr,34111.29,35318.50,37365.86,37226.82,32352.89,30493.37,22154.07,12673.92,7180.83,909.23,-2504.16
IMAGE 2.4,AMPERE3-550,World,Price|Carbon,US$2005/t CO2,0.00,0.72,21.68,35.25,38.77,40.03,47.03,73.74,110.20,110.20,96.36
IMAGE 2.4,AMPERE3-550,World,Primary Energy,EJ/yr,441.25,473.79,559.87,603.66,689.49,758.18,815.96,844.50,862.31,905.22,942.64
IMAGE 2.4,AMPERE3-550,World,Primary Energy|Coal,EJ/yr,111.62,138.64,156.04,137.59,123.93,116.23,113.90,137.33,187.18,256.33,322.07
IMAGE 2.4,AMPERE3-550,World,Primary Energy|Fossil|w/ CCS,EJ/yr,0.00,0.00,0.00,9.58,29.96,65.53,115.25,171.92,237.14,317.31,383.77
IMAGE 2.4,AMPERE3-550,World,Temperature|Global Mean|MAGICC6|MED,°C,0.76,0.82,1.03,1.29,1.54,1.75,1.94,2.07,2.16,2.18,2.19
IMAGE 2.4,AMPERE3-RefPol,World,Emissions|CO2,Mt CO2/yr,34124.32,35746.98,40855.54,46771.34,48448.44,51487.30,48906.51,43724.96,40676.94,36602.42,32884.37
IMAGE 2.4,AMPERE3-RefPol,World,Price|Carbon,US$2005/t CO2,0.00,0.00,0.00,21.93,46.41,54.97,59.43,62.01,71.13,83.86,101.85
IMAGE 2.4,AMPERE3-RefPol,World,Primary Energy,EJ/yr,441.25,473.91,600.73,699.99,804.90,871.53,925.99,997.16,1054.42,1110.85,1166.97
IMAGE 2.4,AMPERE3-RefPol,World,Primary Energy|Coal,EJ/yr,111.62,138.69,174.83,195.40,202.72,198.87,195.17,227.89,293.07,373.46,462.00
IMAGE 2.4,AMPERE3-RefPol,World,Primary Energy|Fossil|w/ CCS,EJ/yr,0.00,0.00,0.22,0.99,2.42,6.92,22.26,67.78,137.19,211.06,292.60
IMAGE 2.4,AMPERE3-RefPol,World,Temperature|Global Mean|MAGICC6|MED,°C,0.88,0.93,1.14,1.42,1.72,2.02,2.31,2.58,2.84,3.07,3.27
IMAGE 2.4,EMF27-550-LimBio,ASIA,Emissions|CO2,Mt CO2/yr,9876.96,12317.63,15977.12,15978.17,13782.78,11363.91,8466.82,5300.11,4109.71,3089.31,2071.34
IMAGE 2.4,EMF27-550-LimBio,ASIA,Emissions|CO2|Fossil Fuels and Industry,Mt CO2/yr,9005.85,11840.19,15892.96,16042.63,14006.61,10981.75,8206.71,5742.29,4715.92,3637.76,3143.81
IMAGE 2.4,EMF27-550-LimBio,ASIA,Primary Energy,EJ/yr,124.97,158.78,210.87,232.27,265.68,280.51,302.73,322.02,353.54,373.11,380.50
IMAGE 2.4,EMF27-550-LimBio,LAM,Emissions|CO2,Mt CO2/yr,3041.94,4224.06,1007.75,2296.82,2065.26,1818.44,1455.57,847.61,470.72,361.52,114.99
IMAGE 2.4,EMF27-550-LimBio,LAM,Emissions|CO2|Fossil Fuels and Industry,Mt CO2/yr,1591.95,1600.61,1932.33,2104.06,2109.02,1902.11,1750.96,1430.08,1205.88,1101.28,969.70
IMAGE 2.4,EMF27-550-LimBio,LAM,Primary Energy,EJ/yr,28.32,29.24,34.73,39.87,49.66,56.28,64.41,70.96,78.93,83.60,85.08
IMAGE 2.4,EMF27-550-LimBio,MAF,Emissions|CO2,Mt CO2/yr,5282.32,3489.70,5358.70,5747.01,3738.94,4233.17,4109.44,3306.26,3222.54,2377.13,1544.10
IMAGE 2.4,EMF27-550-LimBio,MAF,Emissions|CO2|Fossil Fuels and Industry,Mt CO2/yr,2337.23,2647.89,3040.71,3307.77,3566.47,3430.65,3452.04,3160.40,2919.03,2468.67,2005.09
IMAGE 2.4,EMF27-550-LimBio,MAF,Primary Energy,EJ/yr,41.16,46.69,53.40,60.47,74.89,90.43,115.56,138.83,168.34,193.84,212.19
IMAGE 2.4,EMF27-550-LimBio,OECD90,Emissions|CO2,Mt CO2/yr,12429.84,11599.41,10663.21,8915.51,6826.21,4599.45,3255.11,1879.47,1509.92,948.43,861.04
IMAGE 2.4,EMF27-550-LimBio,OECD90,Emissions|CO2|Fossil Fuels and Industry,Mt CO2/yr,12666.48,12033.86,11096.64,9350.51,7053.95,4597.04,3141.83,1810.07,1453.40,1045.28,900.39
IMAGE 2.4,EMF27-550-LimBio,OECD90,Primary Energy,EJ/yr,194.63,183.99,180.88,172.48,171.98,167.21,165.82,163.52,164.84,162.49,156.15
IMAGE 2.4,EMF27-550-LimBio,REF,Emissions|CO2,Mt CO2/yr,3628.20,3963.54,4286.15,3530.15,2497.52,2180.21,2243.60,1974.13,1643.44,1420.29,1392.89
IMAGE 2.4,EMF27-550-LimBio,REF,Emissions|CO2|Fossil Fuels and Industry,Mt CO2/yr,3561.09,3848.09,3944.30,3321.75,2355.16,1780.31,1488.20,1174.95,999.18,846.94,676.84
IMAGE 2.4,EMF27-550-LimBio,REF,Primary Energy,EJ/yr,52.17,55.47,57.61,51.94,47.67,45.36,44.25,42.71,42.46,40.46,39.34
IMAGE 2.4,EMF27-550-LimBio,World,Emissions|CO2,Mt CO2/yr,34259.27,35594.34,37292.93,36467.66,28910.72,24195.19,19530.54,13307.58,10956.33,8196.68,5984.36
IMAGE 2.4,EMF27-550-LimBio,World,Emissions|CO2|Fossil Fuels and Industry,Mt CO2/yr,29162.60,31970.63,35906.95,34126.72,29091.21,22691.86,18039.74,13317.79,11293.41,9099.93,7695.83
IMAGE 2.4,EMF27-550-LimBio,World,Emissions|CO2|Fossil Fuels and Industry|Energy Supply,Mt CO2/yr,12827.82,14377.10,16493.37,15246.98,10437.35,5150.42,2033.36,826.67,1958.74,1081.38,252.96
IMAGE 2.4,EMF27-550-LimBio,World,Emissions|CO2|Fossil Fuels and Industry|Energy Supply|Electricity,Mt CO2/yr,10624.05,12250.78,14339.66,13255.98,8443.08,3306.33,331.23,-530.35,956.12,350.71,-318.63
IMAGE 2.4,EMF27-550-LimBio,World,Price|Carbon,US$2005/t CO2,0.00,0.73,28.41,47.08,61.69,87.31,101.67,122.25,140.04,144.68,141.76
IMAGE 2.4,EMF27-550-LimBio,World,Primary Energy,EJ/yr,441.25,474.16,537.49,557.02,609.88,639.80,692.77,738.05,808.10,853.49,873.27
IMAGE 2.4,EMF27-550-LimBio,World,Primary Energy|Coal,EJ/yr,111.62,138.99,158.85,140.09,118.53,113.34,124.43,163.33,260.68,334.20,374.28
IMAGE 2.4,EMF27-550-LimBio,World,Primary Energy|Fossil|w/ CCS,EJ/yr,0.00,0.00,0.00,8.50,40.46,96.12,154.60,221.12,336.58,410.66,441.75
IMAGE 2.4,EMF27-550-LimBio,World,Temperature|Global Mean|MAGICC6|MED,°C,0.81,0.86,1.08,1.34,1.57,1.74,1.88,1.98,2.05,2.11,2.15
IMAGE 2.4,EMF27-Base-FullTech,ASIA,Emissions|CO2,Mt CO2/yr,9603.68,12152.18,17221.64,20718.73,24306.43,27761.78,31509.72,33739.59,36602.92,40359.66,41556.90
IMAGE 2.4,EMF27-Base-FullTech,ASIA,Emissions|CO2|Fossil Fuels and Industry,Mt CO2/yr,9005.85,11839.85,17453.02,21061.92,24781.75,27776.48,31351.52,34667.57,38426.73,41130.97,42955.45
IMAGE 2.4,EMF27-Base-FullTech,ASIA,Primary Energy,EJ/yr,124.97,158.79,229.81,279.92,342.70,397.36,451.31,494.96,533.25,557.89,573.83
IMAGE 2.4,EMF27-Base-FullTech,LAM,Emissions|CO2,Mt CO2/yr,2960.36,4741.04,695.89,2672.12,3245.95,3731.67,4082.85,4273.66,4618.59,5293.36,6156.89
IMAGE 2.4,EMF27-Base-FullTech,LAM,Emissions|CO2|Fossil Fuels and Industry,Mt CO2/yr,1591.95,1601.84,2147.54,2750.49,3453.89,3930.25,4528.68,5226.65,5787.59,6757.41,7875.32
IMAGE 2.4,EMF27-Base-FullTech,LAM,Primary Energy,EJ/yr,28.32,29.27,38.03,47.65,62.21,75.77,88.54,97.94,104.51,109.04,111.04
IMAGE 2.4,EMF27-Base-FullTech,MAF,Emissions|CO2,Mt CO2/yr,5718.71,2852.81,6371.76,6327.28,5730.02,8552.68,9989.70,11876.79,15327.44,16846.21,19214.49
IMAGE 2.4,EMF27-Base-FullTech,MAF,Emissions|CO2|Fossil Fuels and Industry,Mt CO2/yr,2337.23,2648.16,3379.04,4355.42,5796.01,7532.51,9743.16,12191.54,14843.21,17530.38,20151.88
IMAGE 2.4,EMF27-Base-FullTech,MAF,Primary Energy,EJ/yr,41.16,46.69,57.90,72.46,95.22,123.04,162.42,200.27,236.98,266.68,288.21
IMAGE 2.4,EMF27-Base-FullTech,OECD90,Emissions|CO2,Mt CO2/yr,12501.20,11574.44,11519.36,10850.46,11342.25,11636.13,11953.41,11622.07,12042.04,12345.95,12229.96
IMAGE 2.4,EMF27-Base-FullTech,OECD90,Emissions|CO2|Fossil Fuels and Industry,Mt CO2/yr,12666.48,12035.43,11927.89,11684.85,11648.74,11723.42,11819.16,11826.87,12419.99,13011.42,12954.15
IMAGE 2.4,EMF27-Base-FullTech,OECD90,Primary Energy,EJ/yr,194.63,184.04,192.10,197.11,203.92,208.11,207.71,203.08,200.45,196.97,191.63
IMAGE 2.4,EMF27-Base-FullTech,REF,Emissions|CO2,Mt CO2/yr,3607.44,3925.83,4575.89,4188.66,4046.56,4238.40,4351.49,4236.71,3978.19,3493.29,3616.53
IMAGE 2.4,EMF27-Base-FullTech,REF,Emissions|CO2|Fossil Fuels and Industry,Mt CO2/yr,3561.09,3848.17,4315.91,4061.72,3919.28,3893.65,3729.54,3572.01,3415.49,3110.35,3036.98
IMAGE 2.4,EMF27-Base-FullTech,REF,Primary Energy,EJ/yr,52.17,55.47,62.48,60.97,60.25,60.99,60.74,58.65,56.60,53.99,52.58
IMAGE 2.4,EMF27-Base-FullTech,World,Emissions|CO2,Mt CO2/yr,34391.39,35246.31,40384.52,44757.28,48671.22,55920.66,61887.17,65748.83,72569.20,78338.48,82774.78
IMAGE 2.4,EMF27-Base-FullTech,World,Emissions|CO2|Fossil Fuels and Industry,Mt CO2/yr,29162.60,31973.46,39223.40,43914.38,49599.67,54856.31,61172.06,67484.66,74893.01,81540.53,86973.77
IMAGE 2.4,EMF27-Base-FullTech,World,Emissions|CO2|Fossil Fuels and Industry|Energy Supply,Mt CO2/yr,12827.82,14377.78,18086.41,20232.12,23041.89,26763.43,32839.41,42701.97,54858.59,64383.91,71701.07
IMAGE 2.4,EMF27-Base-FullTech,World,Emissions|CO2|Fossil Fuels and Industry|Energy Supply|Electricity,Mt CO2/yr,10624.05,12250.76,15727.51,17772.13,20346.92,23915.83,30093.30,40278.02,53114.11,63229.32,70866.05
IMAGE 2.4,EMF27-Base-FullTech,World,Price|Carbon,US$2005/t CO2,0.00,0.00,0.00,0.00,0.00,0.00,0.00,0.00,0.00,0.00,0.00
IMAGE 2.4,EMF27-Base-FullTech,World,Primary Energy,EJ/yr,441.25,474.26,580.31,658.11,764.29,865.28,970.72,1054.90,1131.78,1184.57,1217.28
IMAGE 2.4,EMF27-Base-FullTech,World,Primary Energy|Coal,EJ/yr,111.62,138.99,177.68,193.91,214.05,239.36,289.02,374.63,505.73,627.07,730.09
IMAGE 2.4,EMF27-Base-FullTech,World,Primary Energy|Fossil|w/ CCS,EJ/yr,0.00,0.00,0.00,0.00,0.00,0.00,0.00,0.00,0.00,0.00,0.00
IMAGE 2.4,EMF27-Base-FullTech,World,Temperature|Global Mean|MAGICC6|MED,°C,0.81,0.86,1.09,1.38,1.68,2.00,2.33,2.70,3.10,3.56,4.07
MERGE_EMF27,EMF27-450-Conv,ASIA,Emissions|CO2,Mt CO2/yr,9322.05,12318.09,13553.77,11003.99,6588.85,1892.59,-289.69,-1353.86,-1982.84,-1446.10,-1365.91
MERGE_EMF27,EMF27-450-Conv,ASIA,Emissions|CO2|Fossil Fuels and Industry,Mt CO2/yr,9322.05,12318.09,13553.77,11003.99,6588.85,1892.59,-289.69,-1353.86,-1982.84,-1446.10,-1365.91
MERGE_EMF27,EMF27-450-Conv,ASIA,Primary Energy,EJ/yr,109.58,143.95,165.43,178.88,210.66,241.49,258.30,277.64,292.41,295.86,304.28
MERGE_EMF27,EMF27-450-Conv,OECD90,Emissions|CO2,Mt CO2/yr,12663.79,13066.99,8591.75,3831.06,17.79,-2604.38,-2614.76,-2522.19,-2617.50,-2728.29,-2776.12
MERGE_EMF27,EMF27-450-Conv,OECD90,Emissions|CO2|Fossil Fuels and Industry,Mt CO2/yr,12663.79,13066.99,8591.75,3831.06,17.79,-2604.38,-2614.76,-2522.19,-2617.50,-2728.29,-2776.12
MERGE_EMF27,EMF27-450-Conv,OECD90,Primary Energy,EJ/yr,207.86,216.96,180.78,154.76,151.43,151.00,144.27,143.12,147.15,154.22,162.80
MERGE_EMF27,EMF27-450-Conv,World,Emissions|CO2,Mt CO2/yr,28501.22,33303.16,30506.60,22718.89,13174.43,4174.12,-628.46,-2784.94,-4736.63,-5526.81,-6008.83
MERGE_EMF27,EMF27-450-Conv,World,Emissions|CO2|Fossil Fuels and Industry,Mt CO2/yr,28501.22,33303.16,30506.60,22718.89,13174.43,4174.12,-628.46,-2784.94,-4736.63,-5526.81,-6008.83
MERGE_EMF27,EMF27-450-Conv,World,Emissions|CO2|Fossil Fuels and Industry|Energy Supply|Electricity,Mt CO2/yr,9500.06,11018.96,7160.83,1537.57,-1522.26,-4407.57,-5772.41,-6569.27,-6987.55,-7239.05,-7391.15
MERGE_EMF27,EMF27-450-Conv,World,Price|Carbon,US$2005/t CO2,,,236.33,389.26,622.35,1010.98,1630.84,2655.96,4366.76,7416.75,6013.14
MERGE_EMF27,EMF27-450-Conv,World,Primary Energy,EJ/yr,410.59,466.52,455.07,443.22,478.58,517.84,542.97,578.67,616.68,651.48,686.46
MERGE_EMF27,EMF27-450-Conv,World,Primary Energy|Coal,EJ/yr,122.41,145.30,121.04,67.69,51.68,17.40,7.75,3.98,2.39,1.43,0.86
MERGE_EMF27,EMF27-450-Conv,World,Primary Energy|Fossil|w/ CCS,EJ/yr,0.00,0.00,4.19,20.26,38.40,59.43,50.75,30.39,18.19,10.89,6.52
MERGE_EMF27,EMF27-450-Conv,World,Temperature|Global Mean|MAGICC6|MED,°C,0.81,0.89,1.13,1.35,1.52,1.60,1.64,1.66,1.66,1.66,1.66
MERGE_EMF27,EMF27-550-LimBio,ASIA,Emissions|CO2,Mt CO2/yr,9322.05,12318.09,16147.04,17648.93,13566.46,9516.50,5566.86,3654.24,2251.84,4388.75,3670.81
MERGE_EMF27,EMF27-550-LimBio,ASIA,Emissions|CO2|Fossil Fuels and Industry,Mt CO2/yr,9322.05,12318.09,16147.04,17648.93,13566.46,9516.50,5566.86,3654.24,2251.84,4388.75,3670.81
MERGE_EMF27,EMF27-550-LimBio,ASIA,Primary Energy,EJ/yr,109.58,143.95,192.57,248.79,300.92,323.61,356.60,385.74,391.72,406.06,422.84
MERGE_EMF27,EMF27-550-LimBio,OECD90,Emissions|CO2,Mt CO2/yr,12663.79,13066.99,10612.61,6435.14,3437.40,592.55,-1130.18,-1193.52,-1212.78,-657.81,-644.91
MERGE_EMF27,EMF27-550-LimBio,OECD90,Emissions|CO2|Fossil Fuels and Industry,Mt CO2/yr,12663.79,13066.99,10612.61,6435.14,3437.40,592.55,-1130.18,-1193.52,-1212.78,-657.81,-644.91
MERGE_EMF27,EMF27-550-LimBio,OECD90,Primary Energy,EJ/yr,207.86,216.96,197.04,176.35,165.83,160.03,160.55,165.18,172.02,181.48,193.25
MERGE_EMF27,EMF27-550-LimBio,World,Emissions|CO2,Mt CO2/yr,28501.22,33303.16,36019.89,34031.54,26705.70,17872.93,10598.82,7675.84,4542.86,6515.47,5797.86
MERGE_EMF27,EMF27-550-LimBio,World,Emissions|CO2|Fossil Fuels and Industry,Mt CO2/yr,28501.22,33303.16,36019.89,34031.54,26705.70,17872.93,10598.82,7675.84,4542.86,6515.47,5797.86
MERGE_EMF27,EMF27-550-LimBio,World,Emissions|CO2|Fossil Fuels and Industry|Energy Supply|Electricity,Mt CO2/yr,9500.06,11018.96,10743.34,6639.25,1264.84,-2415.06,-4040.74,-4883.94,-5572.68,-5812.19,-5849.43
MERGE_EMF27,EMF27-550-LimBio,World,Price|Carbon,US$2005/t CO2,,,54.90,93.11,156.25,265.67,294.32,265.80,286.09,249.24,245.88
MERGE_EMF27,EMF27-550-LimBio,World,Primary Energy,EJ/yr,410.59,466.52,506.70,556.82,613.85,641.45,703.27,761.91,788.10,833.97,890.62
MERGE_EMF27,EMF27-550-LimBio,World,Primary Energy|Coal,EJ/yr,122.41,145.30,164.83,156.93,160.30,155.52,167.60,181.42,163.79,201.88,227.82
MERGE_EMF27,EMF27-550-LimBio,World,Primary Energy|Fossil|w/ CCS,EJ/yr,0.00,0.00,4.39,20.68,44.92,73.53,114.07,141.57,130.30,142.82,162.72
MERGE_EMF27,EMF27-550-LimBio,World,Temperature|Global Mean|MAGICC6|MED,°C,0.81,0.89,1.13,1.37,1.56,1.71,1.82,1.89,1.96,2.01,2.07
MERGE_EMF27,EMF27-Base-FullTech,ASIA,Emissions|CO2,Mt CO2/yr,9322.05,12318.09,19174.76,27922.72,34129.78,38970.71,41691.88,45537.22,47291.05,50413.24,54752.47
MERGE_EMF27,EMF27-Base-FullTech,ASIA,Emissions|CO2|Fossil Fuels and Industry,Mt CO2/yr,9322.05,12318.09,19174.76,27922.72,34129.78,38970.71,41691.88,45537.22,47291.05,50413.24,54752.47
MERGE_EMF27,EMF27-Base-FullTech,ASIA,Primary Energy,EJ/yr,109.58,143.95,221.26,327.33,412.48,490.07,537.10,582.21,620.08,639.66,670.48
MERGE_EMF27,EMF27-Base-FullTech,OECD90,Emissions|CO2,Mt CO2/yr,12663.79,13066.99,13555.99,13619.92,13552.81,14264.63,17145.37,18670.63,20636.20,22094.18,23809.53
MERGE_EMF27,EMF27-Base-FullTech,OECD90,Emissions|CO2|Fossil Fuels and Industry,Mt CO2/yr,12663.79,13066.99,13555.99,13619.92,13552.81,14264.63,17145.37,18670.63,20636.20,22094.18,23809.53
MERGE_EMF27,EMF27-Base-FullTech,OECD90,Primary Energy,EJ/yr,207.86,216.96,214.58,216.07,225.05,223.08,238.65,252.39,270.88,294.83,323.04
MERGE_EMF27,EMF27-Base-FullTech,World,Emissions|CO2,Mt CO2/yr,28501.22,33303.16,43021.90,54681.24,64214.82,73116.83,81405.99,90072.94,98476.95,108882.84,120493.31
MERGE_EMF27,EMF27-Base-FullTech,World,Emissions|CO2|Fossil Fuels and Industry,Mt CO2/yr,28501.22,33303.16,43021.90,54681.24,64214.82,73116.83,81405.99,90072.94,98476.95,108882.84,120493.31
MERGE_EMF27,EMF27-Base-FullTech,World,Emissions|CO2|Fossil Fuels and Industry|Energy Supply|Electricity,Mt CO2/yr,9500.06,11018.96,15670.45,22125.02,28032.50,31766.44,34881.12,38322.17,41168.64,44154.27,47395.33
MERGE_EMF27,EMF27-Base-FullTech,World,Primary Energy,EJ/yr,410.59,466.52,563.32,700.78,830.91,948.52,1063.25,1180.58,1275.24,1359.75,1467.02
MERGE_EMF27,EMF27-Base-FullTech,World,Primary Energy|Coal,EJ/yr,122.41,145.30,226.33,331.57,463.22,605.76,745.35,870.21,980.95,1116.21,1261.61
MERGE_EMF27,EMF27-Base-FullTech,World,Primary Energy|Fossil|w/ CCS,EJ/yr,0.00,0.00,0.00,0.00,0.00,0.00,0.00,0.00,0.00,0.00,0.00
MERGE_EMF27,EMF27-Base-FullTech,World,Temperature|Global Mean|MAGICC6|MED,°C,0.81,0.89,1.12,1.40,1.70,2.03,2.38,2.77,3.21,3.68,4.18
MERGE_EMF27,EMF27-G8-EERE,ASIA,Emissions|CO2,Mt CO2/yr,9322.05,12318.09,13821.83,12300.49,8032.56,3222.63,1071.90,410.68,181.95,152.81,134.03
MERGE_EMF27,EMF27-G8-EERE,ASIA,Emissions|CO2|Fossil Fuels and Industry,Mt CO2/yr,9322.05,12318.09,13821.83,12300.49,8032.56,3222.63,1071.90,410.68,181.95,152.81,134.03
MERGE_EMF27,EMF27-G8-EERE,ASIA,Primary Energy,EJ/yr,109.58,143.95,169.11,192.21,225.01,235.98,242.14,244.93,239.76,232.63,227.61
MERGE_EMF27,EMF27-G8-EERE,OECD90,Emissions|CO2,Mt CO2/yr,12663.79,13066.99,8657.91,4740.74,987.66,351.15,164.60,117.69,93.93,79.95,71.77
MERGE_EMF27,EMF27-G8-EERE,OECD90,Emissions|CO2|Fossil Fuels and Industry,Mt CO2/yr,12663.79,13066.99,8657.91,4740.74,987.66,351.15,164.60,117.69,93.93,79.95,71.77
MERGE_EMF27,EMF27-G8-EERE,OECD90,Primary Energy,EJ/yr,207.86,216.96,177.44,152.87,149.64,140.01,125.28,121.37,121.03,122.93,125.90
MERGE_EMF27,EMF27-G8-EERE,World,Emissions|CO2,Mt CO2/yr,28501.22,33303.16,31636.36,27381.84,19962.34,14278.68,10533.13,9599.27,9211.55,8061.24,8393.79
MERGE_EMF27,EMF27-G8-EERE,World,Emissions|CO2|Fossil Fuels and Industry,Mt CO2/yr,28501.22,33303.16,31636.36,27381.84,19962.34,14278.68,10533.13,9599.27,9211.55,8061.24,8393.79
MERGE_EMF27,EMF27-G8-EERE,World,Emissions|CO2|Fossil Fuels and Industry|Energy Supply|Electricity,Mt CO2/yr,9500.06,11018.96,7554.62,4148.89,3166.14,2366.45,1947.82,2194.08,2149.00,1613.56,1722.84
MERGE_EMF27,EMF27-G8-EERE,World,Price|Carbon,US$2005/t CO2,,,149.79,226.00,324.19,456.26,625.61,856.41,1228.99,2028.75,3093.77
MERGE_EMF27,EMF27-G8-EERE,World,Primary Energy,EJ/yr,410.59,466.52,459.86,469.60,508.35,519.94,531.36,563.62,568.90,550.30,563.39
MERGE_EMF27,EMF27-G8-EERE,World,Primary Energy|Coal,EJ/yr,122.41,145.30,117.37,77.87,50.22,17.82,14.07,20.92,20.97,13.38,14.24
MERGE_EMF27,EMF27-G8-EERE,World,Primary Energy|Fossil|w/ CCS,EJ/yr,0.00,0.00,0.00,0.00,0.00,0.00,0.00,0.00,0.00,0.00,0.00
MERGE_EMF27,EMF27-G8-EERE,World,Temperature|Global Mean|MAGICC6|MED,°C,0.81,0.89,1.12,1.32,1.49,1.60,1.69,1.77,1.83,1.89,1.95
MESSAGE V.4,AMPERE3-450,World,Emissions|CO2,Mt CO2/yr,34474.59,36035.69,36941.46,35238.71,26747.96,15173.32,4329.48,-1304.69,-5447.10,-8728.73,-11209.52
MESSAGE V.4,AMPERE3-450,World,Price|Carbon,US$2005/t CO2,0.00,0.00,17.72,28.86,47.02,76.58,124.75,203.20,330.99,539.14,878.21
MESSAGE V.4,AMPERE3-450,World,Primary Energy,EJ/yr,454.61,479.75,536.59,605.85,659.16,719.34,780.21,839.07,891.14,937.42,998.53
MESSAGE V.4,AMPERE3-450,World,Primary Energy|Coal,EJ/yr,121.12,138.09,119.94,93.11,52.07,71.91,98.09,127.76,136.08,108.49,41.21
MESSAGE V.4,AMPERE3-450,World,Primary Energy|Fossil|w/ CCS,EJ/yr,0.00,0.00,0.71,13.13,55.00,125.17,173.42,181.50,161.73,112.07,41.54
MESSAGE V.4,AMPERE3-450,World,Temperature|Global Mean|MAGICC6|MED,°C,0.80,0.88,1.13,1.39,1.66,1.86,1.98,2.03,2.03,2.02,1.98
MESSAGE V.4,AMPERE3-450P-EU,World,Emissions|CO2,Mt CO2/yr,34474.49,36036.02,40821.65,46438.23,38929.54,27622.31,12469.82,2786.95,-2585.87,-6268.49,-8535.53
MESSAGE V.4,AMPERE3-450P-EU,World,Price|Carbon,US$2005/t CO2,0.00,0.00,7.54,39.65,47.02,76.58,124.75,203.20,330.99,539.14,878.21
MESSAGE V.4,AMPERE3-450P-EU,World,Primary Energy,EJ/yr,454.61,479.76,565.35,663.83,692.35,735.64,790.76,846.85,898.87,936.69,989.39
MESSAGE V.4,AMPERE3-450P-EU,World,Primary Energy|Coal,EJ/yr,121.12,138.09,149.20,165.47,95.13,64.39,81.91,108.47,126.41,110.79,59.72
MESSAGE V.4,AMPERE3-450P-EU,World,Primary Energy|Fossil|w/ CCS,EJ/yr,0.00,0.00,0.35,2.53,21.19,70.91,158.87,183.37,172.31,125.94,61.17
MESSAGE V.4,AMPERE3-450P-EU,World,Temperature|Global Mean|MAGICC6|MED,°C,0.86,0.94,1.18,1.44,1.79,2.08,2.27,2.37,2.40,2.41,2.39
MESSAGE V.4,AMPERE3-550,World,Emissions|CO2,Mt CO2/yr,34474.51,36035.96,39222.41,42988.07,40487.80,34363.56,20847.26,10424.52,2479.89,-2730.61,-6474.82
MESSAGE V.4,AMPERE3-550,World,Price|Carbon,US$2005/t CO2,0.00,0.00,7.43,12.10,19.71,32.11,52.30,85.18,138.76,226.02,368.16
MESSAGE V.4,AMPERE3-550,World,Primary Energy,EJ/yr,454.61,479.76,553.56,646.14,717.20,787.04,847.90,921.04,987.37,1042.25,1110.93
MESSAGE V.4,AMPERE3-550,World,Primary Energy|Coal,EJ/yr,121.12,138.09,135.75,137.59,86.04,90.19,102.28,171.10,228.29,214.30,193.95
MESSAGE V.4,AMPERE3-550,World,Primary Energy|Fossil|w/ CCS,EJ/yr,0.00,0.00,0.31,5.14,18.98,49.89,113.95,214.33,271.84,240.18,196.31
MESSAGE V.4,AMPERE3-550,World,Temperature|Global Mean|MAGICC6|MED,°C,0.77,0.85,1.09,1.34,1.66,1.94,2.16,2.30,2.39,2.42,2.44
MESSAGE V.4,AMPERE3-RefPol,World,Emissions|CO2,Mt CO2/yr,34474.46,36035.98,40886.23,47008.04,51379.09,53497.39,50990.57,46103.64,41339.83,34733.89,27562.64
MESSAGE V.4,AMPERE3-RefPol,World,Price|Carbon,US$2005/t CO2,0.00,0.00,7.54,26.28,32.51,37.40,46.41,49.31,61.37,92.32,115.10
MESSAGE V.4,AMPERE3-RefPol,World,Primary Energy,EJ/yr,454.61,479.76,566.09,667.65,764.77,864.73,953.34,1039.19,1145.19,1249.78,1350.61
MESSAGE V.4,AMPERE3-RefPol,World,Primary Energy|Coal,EJ/yr,121.12,138.09,150.13,166.96,170.55,181.91,179.23,197.24,267.97,338.53,402.07
MESSAGE V.4,AMPERE3-RefPol,World,Primary Energy|Fossil|w/ CCS,EJ/yr,0.00,0.00,0.19,1.31,6.68,19.41,47.08,105.77,198.37,287.43,358.82
MESSAGE V.4,AMPERE3-RefPol,World,Temperature|Global Mean|MAGICC6|MED,°C,0.77,0.85,1.09,1.37,1.71,2.06,2.39,2.71,2.99,3.26,3.49
MESSAGE V.4,EMF27-550-LimBio,ASIA,Emissions|CO2,Mt CO2/yr,10319.94,12814.16,13917.06,12540.54,8915.34,5294.32,4896.94,4941.09,5035.57,5359.40,5627.94
MESSAGE V.4,EMF27-550-LimBio,ASIA,Emissions|CO2|Fossil Fuels and Industry,Mt CO2/yr,9411.51,11950.63,13257.27,12147.62,8918.85,5822.95,5910.14,6207.44,6493.34,7037.79,7524.14
MESSAGE V.4,EMF27-550-LimBio,ASIA,Primary Energy,EJ/yr,133.39,162.95,189.34,206.19,232.61,255.35,300.17,339.27,363.30,400.78,432.35
MESSAGE V.4,EMF27-550-LimBio,LAM,Emissions|CO2,Mt CO2/yr,3375.28,3271.45,3140.61,2676.62,1857.96,596.48,-63.36,-1040.46,-1790.37,-2173.69,-2671.53
MESSAGE V.4,EMF27-550-LimBio,LAM,Emissions|CO2|Fossil Fuels and Industry,Mt CO2/yr,1605.01,1650.05,1612.29,1463.28,1045.98,316.60,342.47,267.80,193.81,301.08,335.71
MESSAGE V.4,EMF27-550-LimBio,LAM,Primary Energy,EJ/yr,28.16,29.82,32.56,36.04,40.56,43.07,49.50,53.71,57.07,61.62,64.42
MESSAGE V.4,EMF27-550-LimBio,MAF,Emissions|CO2,Mt CO2/yr,3692.33,4341.28,4444.40,4537.13,4149.50,2285.65,2300.61,2202.18,2160.41,1347.97,988.83
MESSAGE V.4,EMF27-550-LimBio,MAF,Emissions|CO2|Fossil Fuels and Industry,Mt CO2/yr,2533.94,3112.04,3367.00,3579.28,3413.05,1903.37,2411.40,2876.82,3224.88,2729.99,2719.49
MESSAGE V.4,EMF27-550-LimBio,MAF,Primary Energy,EJ/yr,40.24,49.01,60.08,78.00,102.25,133.01,171.62,208.18,236.17,257.93,276.57
MESSAGE V.4,EMF27-550-LimBio,OECD90,Emissions|CO2,Mt CO2/yr,13094.10,11711.25,9584.77,7540.90,4962.71,1901.88,1487.48,1256.25,858.58,503.86,5.83
MESSAGE V.4,EMF27-550-LimBio,OECD90,Emissions|CO2|Fossil Fuels and Industry,Mt CO2/yr,13161.17,11845.40,9762.77,7774.92,5308.02,2349.95,2025.45,1810.79,1454.42,1172.10,780.67
MESSAGE V.4,EMF27-550-LimBio,OECD90,Primary Energy,EJ/yr,194.93,180.62,167.06,160.74,157.89,156.52,162.12,166.56,166.72,169.44,166.59
MESSAGE V.4,EMF27-550-LimBio,REF,Emissions|CO2,Mt CO2/yr,3446.06,3346.03,2917.31,2351.23,1488.08,649.32,641.03,616.77,355.39,177.02,-25.12
MESSAGE V.4,EMF27-550-LimBio,REF,Emissions|CO2|Fossil Fuels and Industry,Mt CO2/yr,3441.16,3336.24,2918.96,2372.59,1549.91,788.74,851.42,867.69,649.32,537.83,404.73
MESSAGE V.4,EMF27-550-LimBio,REF,Primary Energy,EJ/yr,52.15,50.10,48.70,48.35,48.28,51.83,57.29,59.35,56.32,55.12,53.98
MESSAGE V.4,EMF27-550-LimBio,World,Emissions|CO2,Mt CO2/yr,34491.02,36087.09,34675.76,30326.54,22000.71,11312.70,9846.46,8570.05,7230.63,5834.56,4500.82
MESSAGE V.4,EMF27-550-LimBio,World,Emissions|CO2|Fossil Fuels and Industry,Mt CO2/yr,30716.12,32497.29,31589.90,28017.81,20862.92,11766.64,12124.64,12624.77,12626.79,12398.79,12339.61
MESSAGE V.4,EMF27-550-LimBio,World,Emissions|CO2|Fossil Fuels and Industry|Energy Supply,Mt CO2/yr,14051.51,14231.65,11769.42,9055.71,3824.70,-1440.93,-1647.94,-2049.80,-2733.94,-3214.07,-3520.71
MESSAGE V.4,EMF27-550-LimBio,World,Emissions|CO2|Fossil Fuels and Industry|Energy Supply|Electricity,Mt CO2/yr,10905.48,11286.99,9221.17,7087.66,3138.20,298.22,196.81,-65.56,-158.32,-147.02,-114.17
MESSAGE V.4,EMF27-550-LimBio,World,Price|Carbon,US$2005/t CO2,0.00,0.00,29.88,45.28,70.67,170.33,136.94,132.14,138.94,173.70,174.90
MESSAGE V.4,EMF27-550-LimBio,World,Primary Energy,EJ/yr,455.16,479.25,505.53,537.75,590.51,649.15,750.36,837.01,889.77,955.37,1004.92
MESSAGE V.4,EMF27-550-LimBio,World,Primary Energy|Coal,EJ/yr,121.19,138.87,98.82,73.76,50.02,80.94,121.00,164.78,187.12,215.56,236.57
MESSAGE V.4,EMF27-550-LimBio,World,Primary Energy|Fossil|w/ CCS,EJ/yr,0.00,0.00,1.72,22.73,81.06,172.62,212.06,238.96,228.77,245.73,251.68
MESSAGE V.4,EMF27-550-LimBio,World,Temperature|Global Mean|MAGICC6|MED,°C,0.81,0.89,1.14,1.39,1.63,1.80,1.90,1.99,2.05,2.11,2.16
MESSAGE V.4,EMF27-Base-FullTech,ASIA,Emissions|CO2,Mt CO2/yr,10319.94,12814.16,17012.52,20652.42,25083.75,29736.15,33785.46,36033.04,38046.23,40877.86,43337.42
MESSAGE V.4,EMF27-Base-FullTech,ASIA,Emissions|CO2|Fossil Fuels and Industry,Mt CO2/yr,9411.51,11950.63,16284.71,20048.03,24608.94,29395.79,33583.38,35972.84,38130.76,41109.48,43718.02
MESSAGE V.4,EMF27-Base-FullTech,ASIA,Primary Energy,EJ/yr,133.39,162.95,215.29,260.15,314.99,375.90,435.04,482.45,522.62,564.43,599.41
MESSAGE V.4,EMF27-Base-FullTech,LAM,Emissions|CO2,Mt CO2/yr,3375.28,3271.45,3637.03,3806.06,4195.36,4454.18,4288.75,3845.68,4429.47,3315.68,2357.74
MESSAGE V.4,EMF27-Base-FullTech,LAM,Emissions|CO2|Fossil Fuels and Industry,Mt CO2/yr,1605.01,1650.05,2083.10,2508.43,3193.99,3783.92,3979.98,3925.18,4920.97,4240.56,3735.50
MESSAGE V.4,EMF27-Base-FullTech,LAM,Primary Energy,EJ/yr,28.16,29.82,35.42,42.53,51.50,63.46,74.51,86.37,104.50,100.89,99.11
MESSAGE V.4,EMF27-Base-FullTech,MAF,Emissions|CO2,Mt CO2/yr,3692.33,4341.28,5480.67,7077.59,9274.64,12097.35,14559.30,16692.61,16391.66,15150.07,13020.44
MESSAGE V.4,EMF27-Base-FullTech,MAF,Emissions|CO2|Fossil Fuels and Industry,Mt CO2/yr,2533.94,3112.04,4368.23,6025.11,8321.32,11277.14,13901.30,16222.19,16130.61,15117.12,13232.13
MESSAGE V.4,EMF27-Base-FullTech,MAF,Primary Energy,EJ/yr,40.24,49.01,67.54,94.40,131.24,177.04,222.73,270.77,299.81,321.19,326.36
MESSAGE V.4,EMF27-Base-FullTech,OECD90,Emissions|CO2,Mt CO2/yr,13094.10,11711.25,12229.92,12157.84,12558.05,12739.40,13341.93,13534.67,13099.48,12689.87,11946.14
MESSAGE V.4,EMF27-Base-FullTech,OECD90,Emissions|CO2|Fossil Fuels and Industry,Mt CO2/yr,13161.17,11845.40,12385.30,12335.19,12757.71,12961.45,13586.27,13801.03,13387.45,12998.97,12275.81
MESSAGE V.4,EMF27-Base-FullTech,OECD90,Primary Energy,EJ/yr,194.93,180.62,186.46,191.47,198.30,203.98,214.95,223.31,227.78,232.45,230.85
MESSAGE V.4,EMF27-Base-FullTech,REF,Emissions|CO2,Mt CO2/yr,3446.06,3346.03,3774.54,3973.68,4187.97,4760.98,5098.39,4895.92,4625.91,4558.07,4573.86
MESSAGE V.4,EMF27-Base-FullTech,REF,Emissions|CO2|Fossil Fuels and Industry,Mt CO2/yr,3441.16,3336.24,3770.96,3979.90,4205.26,4790.45,5140.93,4952.31,4696.76,4643.92,4675.14
MESSAGE V.4,EMF27-Base-FullTech,REF,Primary Energy,EJ/yr,52.15,50.10,56.87,59.13,62.03,70.37,77.58,79.57,80.51,83.37,82.66
MESSAGE V.4,EMF27-Base-FullTech,World,Emissions|CO2,Mt CO2/yr,34491.02,36087.09,42809.72,48375.99,55957.77,64431.68,71728.32,75668.28,77297.82,77283.35,75904.56
MESSAGE V.4,EMF27-Base-FullTech,World,Emissions|CO2|Fossil Fuels and Industry,Mt CO2/yr,30716.12,32497.29,39567.33,45605.05,53745.23,62852.36,70846.35,75539.88,77971.63,78801.84,78305.55
MESSAGE V.4,EMF27-Base-FullTech,World,Emissions|CO2|Fossil Fuels and Industry|Energy Supply,Mt CO2/yr,14051.51,14231.65,15868.63,17896.11,21258.79,25655.80,30596.72,35007.32,39933.50,41377.73,40898.59
MESSAGE V.4,EMF27-Base-FullTech,World,Emissions|CO2|Fossil Fuels and Industry|Energy Supply|Electricity,Mt CO2/yr,10905.48,11286.99,12764.73,14425.47,16094.57,17674.31,18432.99,17491.63,16994.64,15947.65,13851.49
MESSAGE V.4,EMF27-Base-FullTech,World,Price|Carbon,US$2005/t CO2,0.00,0.00,0.00,0.00,0.00,0.00,0.00,0.00,0.00,0.00,0.00
MESSAGE V.4,EMF27-Base-FullTech,World,Primary Energy,EJ/yr,455.16,479.25,569.38,656.10,766.97,900.11,1034.47,1152.42,1245.42,1312.78,1349.08
MESSAGE V.4,EMF27-Base-FullTech,World,Primary Energy|Coal,EJ/yr,121.19,138.87,158.94,182.78,212.02,257.67,315.41,360.65,421.09,463.68,492.42
MESSAGE V.4,EMF27-Base-FullTech,World,Primary Energy|Fossil|w/ CCS,EJ/yr,0.00,0.00,0.00,0.00,0.00,0.00,0.00,0.00,0.00,0.00,0.00
MESSAGE V.4,EMF27-Base-FullTech,World,Temperature|Global Mean|MAGICC6|MED,°C,0.81,0.89,1.13,1.41,1.76,2.13,2.52,2.95,3.39,3.81,4.23
REMIND 1.5,AMPERE3-450,World,Emissions|CO2,Mt CO2/yr,33841.49,37365.91,35255.18,31679.69,25439.84,16908.36,6524.72,-910.93,-5015.05,-8196.08,-10192.88
REMIND 1.5,AMPERE3-450,World,Price|Carbon,US$2005/t CO2,,12.69,26.12,47.87,84.54,145.48,273.47,391.15,653.40,1038.34,1625.99
REMIND 1.5,AMPERE3-450,World,Primary Energy,EJ/yr,464.82,514.12,554.26,604.59,649.43,722.82,788.62,818.59,842.94,906.67,982.56
REMIND 1.5,AMPERE3-450,World,Primary Energy|Coal,EJ/yr,122.20,135.47,92.72,45.87,22.33,20.39,16.64,12.35,5.94,2.36,1.77
REMIND 1.5,AMPERE3-450,World,Primary Energy|Fossil|w/ CCS,EJ/yr,0.00,0.00,2.80,27.04,68.28,84.26,72.84,42.01,12.74,1.82,0.21
REMIND 1.5,AMPERE3-450,World,Temperature|Global Mean|MAGICC6|MED,°C,0.86,0.91,1.19,1.48,1.70,1.83,1.90,1.93,1.93,1.92,1.88
REMIND 1.5,AMPERE3-450P-CE,World,Emissions|CO2,Mt CO2/yr,33841.49,37357.58,39260.04,43283.25,34864.17,20741.40,7005.88,-622.25,-4786.58,-8275.44,-10291.58
REMIND 1.5,AMPERE3-450P-CE,World,Price|Carbon,US$2005/t CO2,,12.38,9.87,13.94,76.15,145.48,273.47,391.15,653.40,1038.34,1625.99
REMIND 1.5,AMPERE3-450P-CE,World,Primary Energy,EJ/yr,464.82,514.02,588.53,693.80,680.17,710.30,781.54,824.48,854.76,906.80,984.16
REMIND 1.5,AMPERE3-450P-CE,World,Primary Energy|Coal,EJ/yr,122.20,135.40,120.77,124.53,70.15,27.36,12.26,8.34,4.12,2.14,1.65
REMIND 1.5,AMPERE3-450P-CE,World,Primary Energy|Fossil|w/ CCS,EJ/yr,0.00,0.00,0.08,1.31,13.01,48.37,53.38,44.75,24.37,2.96,0.04
REMIND 1.5,AMPERE3-450P-CE,World,Temperature|Global Mean|MAGICC6|MED,°C,0.75,0.80,1.07,1.35,1.66,1.86,1.95,1.98,1.99,1.97,1.93
REMIND 1.5,AMPERE3-450P-EU,World,Emissions|CO2,Mt CO2/yr,33841.49,37356.37,41565.70,47902.12,37928.16,21615.59,6958.30,-563.45,-4783.46,-8277.63,-10290.40
REMIND 1.5,AMPERE3-450P-EU,World,Price|Carbon,US$2005/t CO2,,12.38,1.24,7.01,75.74,145.48,273.47,391.15,653.40,1038.34,1625.99
REMIND 1.5,AMPERE3-450P-EU,World,Primary Energy,EJ/yr,464.82,514.00,611.30,733.99,698.79,709.34,777.14,826.54,856.75,906.85,982.95
REMIND 1.5,AMPERE3-450P-EU,World,Primary Energy|Coal,EJ/yr,122.20,135.39,147.40,179.17,103.90,33.31,10.36,6.77,3.51,2.08,1.66
REMIND 1.5,AMPERE3-450P-EU,World,Primary Energy|Fossil|w/ CCS,EJ/yr,0.00,0.00,0.06,1.23,12.31,46.68,52.07,43.78,24.11,3.09,0.04
REMIND 1.5,AMPERE3-450P-EU,World,Temperature|Global Mean|MAGICC6|MED,°C,0.82,0.87,1.12,1.42,1.76,1.98,2.08,2.11,2.11,2.09,2.05
REMIND 1.5,AMPERE3-550,World,Emissions|CO2,Mt CO2/yr,33841.49,37366.12,38324.51,39015.27,36963.66,31733.51,22831.66,13927.89,5749.59,-327.77,-3755.24
REMIND 1.5,AMPERE3-550,World,Price|Carbon,US$2005/t CO2,,12.69,11.77,21.68,38.45,66.52,125.16,178.46,297.93,475.33,746.40
REMIND 1.5,AMPERE3-550,World,Primary Energy,EJ/yr,464.82,514.13,586.14,668.59,730.18,811.26,860.69,892.78,931.07,951.41,1003.11
REMIND 1.5,AMPERE3-550,World,Primary Energy|Coal,EJ/yr,122.20,135.47,121.27,103.31,102.22,117.05,105.64,81.12,41.06,10.07,3.28
REMIND 1.5,AMPERE3-550,World,Primary Energy|Fossil|w/ CCS,EJ/yr,0.00,0.00,0.57,10.56,58.62,129.26,143.13,115.74,61.38,15.54,3.96
REMIND 1.5,AMPERE3-550,World,Temperature|Global Mean|MAGICC6|MED,°C,0.78,0.83,1.09,1.39,1.67,1.89,2.05,2.15,2.21,2.24,2.24
REMIND 1.5,AMPERE3-550P-EU,World,Emissions|CO2,Mt CO2/yr,33841.49,37360.58,41568.63,47908.67,46792.96,37445.25,24413.62,14572.43,6804.20,86.14,-3693.90
REMIND 1.5,AMPERE3-550P-EU,World,Price|Carbon,US$2005/t CO2,,12.38,1.24,7.01,22.31,66.52,125.16,178.46,297.93,475.33,746.41
REMIND 1.5,AMPERE3-550P-EU,World,Primary Energy,EJ/yr,464.82,514.07,611.34,734.11,789.70,815.79,861.79,901.57,943.47,964.16,1005.66
REMIND 1.5,AMPERE3-550P-EU,World,Primary Energy|Coal,EJ/yr,122.20,135.40,147.46,179.17,167.45,119.80,81.28,57.25,35.71,11.34,3.12
REMIND 1.5,AMPERE3-550P-EU,World,Primary Energy|Fossil|w/ CCS,EJ/yr,0.00,0.00,0.06,1.23,17.03,73.53,116.29,108.24,74.35,26.50,3.51
REMIND 1.5,AMPERE3-550P-EU,World,Temperature|Global Mean|MAGICC6|MED,°C,0.86,0.91,1.16,1.46,1.80,2.09,2.28,2.40,2.46,2.48,2.49
REMIND 1.5,AMPERE3-Base-EUback,World,Emissions|CO2,Mt CO2/yr,33841.49,37371.87,44020.67,50296.87,58575.08,71744.59,82786.79,87993.16,85663.03,75402.53,66716.49
REMIND 1.5,AMPERE3-Base-EUback,World,Price|Carbon,US$2005/t CO2,,,,5.35,2.23,,,,,,
REMIND 1.5,AMPERE3-Base-EUback,World,Primary Energy,EJ/yr,464.82,514.17,625.97,743.46,867.90,1031.30,1184.54,1303.30,1379.74,1380.24,1408.73
REMIND 1.5,AMPERE3-Base-EUback,World,Primary Energy|Coal,EJ/yr,122.20,135.48,156.54,193.09,270.92,398.88,519.80,582.10,561.05,471.99,405.20
REMIND 1.5,AMPERE3-Base-EUback,World,Primary Energy|Fossil|w/ CCS,EJ/yr,0.00,0.00,0.04,0.08,0.24,0.43,0.65,0.93,0.96,1.44,1.85
REMIND 1.5,AMPERE3-Base-EUback,World,Temperature|Global Mean|MAGICC6|MED,°C,0.82,0.87,1.11,1.44,1.78,2.17,2.59,3.05,3.51,3.92,4.27
REMIND 1.5,AMPERE3-CF450P-EU,World,Emissions|CO2,Mt CO2/yr,33841.49,37365.98,44028.80,50295.90,39726.70,22501.37,6855.42,-602.89,-4769.69,-8268.81,-10300.93
REMIND 1.5,AMPERE3-CF450P-EU,World,Price|Carbon,US$2005/t CO2,,,,5.35,74.94,145.48,273.47,391.15,653.40,1038.34,1625.99
REMIND 1.5,AMPERE3-CF450P-EU,World,Primary Energy,EJ/yr,464.82,514.09,626.11,743.50,703.19,709.19,773.38,825.07,857.20,907.47,983.14
REMIND 1.5,AMPERE3-CF450P-EU,World,Primary Energy|Coal,EJ/yr,122.20,135.44,156.52,192.99,111.82,32.91,5.44,3.72,2.64,2.09,1.68
REMIND 1.5,AMPERE3-CF450P-EU,World,Primary Energy|Fossil|w/ CCS,EJ/yr,0.00,0.00,0.04,0.08,8.36,41.88,48.30,41.80,23.94,3.23,0.04
REMIND 1.5,AMPERE3-CF450P-EU,World,Temperature|Global Mean|MAGICC6|MED,°C,0.78,0.83,1.07,1.40,1.76,1.98,2.08,2.11,2.11,2.09,2.06
REMIND 1.5,AMPERE3-RefPol,World,Emissions|CO2,Mt CO2/yr,33841.49,37372.53,41615.44,48455.22,55203.05,61590.57,64595.04,64737.59,62246.20,56447.99,51261.41
REMIND 1.5,AMPERE3-RefPol,World,Price|Carbon,US$2005/t CO2,,12.38,1.24,4.92,6.56,11.75,21.18,24.18,28.81,19.03,26.37
REMIND 1.5,AMPERE3-RefPol,World,Primary Energy,EJ/yr,464.82,514.22,611.87,737.76,851.37,978.08,1096.23,1199.82,1286.00,1323.83,1374.77
REMIND 1.5,AMPERE3-RefPol,World,Primary Energy|Coal,EJ/yr,122.20,135.48,147.79,181.89,245.30,331.62,407.35,450.93,447.99,404.75,364.78
REMIND 1.5,AMPERE3-RefPol,World,Primary Energy|Fossil|w/ CCS,EJ/yr,0.00,0.00,0.07,1.32,9.76,34.32,70.58,102.41,120.44,119.58,107.80
REMIND 1.5,AMPERE3-RefPol,World,Temperature|Global Mean|MAGICC6|MED,°C,0.83,0.88,1.13,1.43,1.76,2.11,2.45,2.81,3.14,3.44,3.72
REMIND 1.5,EMF27-450-Conv,ASIA,Emissions|CO2,Mt CO2/yr,10193.98,13196.41,10698.16,5726.12,3248.37,2254.52,1151.38,428.28,-172.88,-192.36,-185.38
REMIND 1.5,EMF27-450-Conv,ASIA,Emissions|CO2|Fossil Fuels and Industry,Mt CO2/yr,9624.29,12668.17,10252.83,5749.65,3278.17,2282.32,1176.94,456.22,-137.33,-159.95,-166.06
REMIND 1.5,EMF27-450-Conv,ASIA,Primary Energy,EJ/yr,135.83,171.18,162.77,186.67,189.28,181.23,169.35,157.96,142.22,130.99,119.78
REMIND 1.5,EMF27-450-Conv,LAM,Emissions|CO2,Mt CO2/yr,2926.60,3500.82,3910.94,545.65,-87.93,-365.84,-406.25,-401.84,-471.69,-509.69,-613.32
REMIND 1.5,EMF27-450-Conv,LAM,Emissions|CO2|Fossil Fuels and Industry,Mt CO2/yr,1483.23,1694.47,1378.64,567.73,-57.38,-331.49,-387.35,-369.87,-439.63,-479.42,-584.07
REMIND 1.5,EMF27-450-Conv,LAM,Primary Energy,EJ/yr,28.84,32.62,30.53,37.66,41.33,39.12,37.32,37.13,37.28,38.86,40.63
REMIND 1.5,EMF27-450-Conv,MAF,Emissions|CO2,Mt CO2/yr,4035.32,4337.48,3458.33,1759.88,1302.03,1033.18,686.43,391.02,33.33,219.92,732.54
REMIND 1.5,EMF27-450-Conv,MAF,Emissions|CO2|Fossil Fuels and Industry,Mt CO2/yr,2360.58,2863.92,2387.12,1771.46,1313.09,1047.76,705.41,406.95,49.18,235.09,748.27
REMIND 1.5,EMF27-450-Conv,MAF,Primary Energy,EJ/yr,49.52,58.17,52.28,57.71,72.03,80.49,84.52,92.41,101.07,108.11,111.02
REMIND 1.5,EMF27-450-Conv,OECD90,Emissions|CO2,Mt CO2/yr,15111.39,15254.15,9970.42,5306.13,2034.69,413.79,-354.20,-754.70,-994.23,-980.48,-1146.75
REMIND 1.5,EMF27-450-Conv,OECD90,Emissions|CO2|Fossil Fuels and Industry,Mt CO2/yr,14547.59,14860.98,9918.51,5364.89,2094.12,467.83,-298.54,-697.94,-936.70,-923.39,-1088.95
REMIND 1.5,EMF27-450-Conv,OECD90,Primary Energy,EJ/yr,225.73,232.19,178.42,179.09,168.81,145.92,131.67,118.11,105.56,101.00,95.83
REMIND 1.5,EMF27-450-Conv,World,Emissions|CO2,Mt CO2/yr,33837.41,37977.31,29314.49,13503.92,6281.74,3040.79,787.74,-526.27,-1744.61,-1641.29,-1413.97
REMIND 1.5,EMF27-450-Conv,World,Emissions|CO2|Fossil Fuels and Industry,Mt CO2/yr,29556.92,33624.77,24817.87,13667.44,6459.94,3214.38,950.20,-347.35,-1553.49,-1455.87,-1240.89
REMIND 1.5,EMF27-450-Conv,World,Emissions|CO2|Fossil Fuels and Industry|Energy Supply,Mt CO2/yr,13765.03,15624.90,9392.07,596.45,-4325.54,-5071.51,-5477.69,-6187.86,-6523.09,-6585.18,-6610.96
REMIND 1.5,EMF27-450-Conv,World,Emissions|CO2|Fossil Fuels and Industry|Energy Supply|Electricity,Mt CO2/yr,10245.45,11912.71,7051.88,1690.93,-78.92,94.94,365.18,929.81,1389.32,1264.50,1066.11
REMIND 1.5,EMF27-450-Conv,World,Price|Carbon,US$2005/t CO2,,9.58,166.31,285.12,494.08,851.66,1632.61,2432.27,4353.64,4999.31,6108.24
REMIND 1.5,EMF27-450-Conv,World,Primary Energy,EJ/yr,464.82,519.64,440.81,476.55,488.95,463.05,436.52,417.37,397.14,390.95,379.75
REMIND 1.5,EMF27-450-Conv,World,Primary Energy|Coal,EJ/yr,122.20,145.67,83.97,21.68,1.42,0.85,0.65,0.52,1.15,2.48,3.81
REMIND 1.5,EMF27-450-Conv,World,Primary Energy|Fossil|w/ CCS,EJ/yr,0.00,0.00,13.60,65.60,79.50,83.77,80.04,70.66,64.87,63.66,67.20
REMIND 1.5,EMF27-450-Conv,World,Temperature|Global Mean|MAGICC6|MED,°C,0.81,0.87,1.15,1.37,1.50,1.57,1.60,1.59,1.59,1.57,1.56
REMIND 1.5,EMF27-450-NoCCS,ASIA,Emissions|CO2,Mt CO2/yr,10193.98,13395.43,9638.80,3121.82,941.63,921.34,886.11,885.64,859.25,855.69,843.03
REMIND 1.5,EMF27-450-NoCCS,ASIA,Emissions|CO2|Fossil Fuels and Industry,Mt CO2/yr,9624.29,12668.17,8596.40,3130.48,952.92,954.23,933.58,932.78,890.24,880.88,864.42
REMIND 1.5,EMF27-450-NoCCS,ASIA,Primary Energy,EJ/yr,135.83,171.18,139.30,149.00,190.92,222.15,238.71,243.94,253.19,259.84,273.96
REMIND 1.5,EMF27-450-NoCCS,LAM,Emissions|CO2,Mt CO2/yr,2926.60,3503.09,3597.06,404.91,121.08,110.73,132.03,92.25,96.53,98.33,99.79
REMIND 1.5,EMF27-450-NoCCS,LAM,Emissions|CO2|Fossil Fuels and Industry,Mt CO2/yr,1483.23,1694.47,1057.94,405.87,143.66,153.97,154.96,137.93,134.06,130.29,126.41
REMIND 1.5,EMF27-450-NoCCS,LAM,Primary Energy,EJ/yr,28.84,32.62,26.36,30.80,37.50,41.80,45.44,48.49,54.55,61.34,68.87
REMIND 1.5,EMF27-450-NoCCS,MAF,Emissions|CO2,Mt CO2/yr,4035.32,4381.13,3063.76,830.36,275.64,316.02,313.37,331.92,365.71,492.20,741.66
REMIND 1.5,EMF27-450-NoCCS,MAF,Emissions|CO2|Fossil Fuels and Industry,Mt CO2/yr,2360.58,2863.92,1861.60,838.07,283.59,313.89,330.47,349.49,379.72,501.64,752.67
REMIND 1.5,EMF27-450-NoCCS,MAF,Primary Energy,EJ/yr,49.52,58.17,44.92,44.10,63.29,87.70,117.36,153.45,197.13,247.15,307.81
REMIND 1.5,EMF27-450-NoCCS,OECD90,Emissions|CO2,Mt CO2/yr,15111.39,15254.16,8082.87,2864.75,369.53,328.11,299.06,266.24,255.25,245.07,226.35
REMIND 1.5,EMF27-450-NoCCS,OECD90,Emissions|CO2|Fossil Fuels and Industry,Mt CO2/yr,14547.59,14860.98,8030.94,2923.99,434.34,388.71,353.82,321.99,311.66,301.08,286.49
REMIND 1.5,EMF27-450-NoCCS,OECD90,Primary Energy,EJ/yr,225.73,232.19,152.39,141.28,151.62,158.69,157.51,152.32,156.35,160.00,166.47
REMIND 1.5,EMF27-450-NoCCS,World,Emissions|CO2,Mt CO2/yr,33837.41,38224.94,25524.60,7358.64,1691.05,1663.77,1616.52,1555.47,1553.00,1665.20,1883.11
REMIND 1.5,EMF27-450-NoCCS,World,Emissions|CO2|Fossil Fuels and Industry,Mt CO2/yr,29556.92,33624.77,20285.08,7486.40,1857.16,1846.71,1805.53,1770.55,1742.22,1838.79,2053.77
REMIND 1.5,EMF27-450-NoCCS,World,Emissions|CO2|Fossil Fuels and Industry|Energy Supply,Mt CO2/yr,13765.03,15624.90,9171.87,2423.55,-0.07,53.56,-99.86,-450.59,-700.89,-755.50,-995.45
REMIND 1.5,EMF27-450-NoCCS,World,Emissions|CO2|Fossil Fuels and Industry|Energy Supply|Electricity,Mt CO2/yr,10245.45,11912.71,6701.26,1800.94,53.13,16.35,6.58,2.54,2.79,3.15,5.42
REMIND 1.5,EMF27-450-NoCCS,World,Price|Carbon,US$2005/t CO2,,9.58,519.32,854.56,1534.52,2803.70,5650.92,8683.09,16493.11,3647.56,23725.73
REMIND 1.5,EMF27-450-NoCCS,World,Primary Energy,EJ/yr,464.82,519.64,377.80,377.72,458.30,525.50,573.12,611.42,674.70,741.91,831.52
REMIND 1.5,EMF27-450-NoCCS,World,Primary Energy|Coal,EJ/yr,122.20,145.67,83.83,21.43,0.52,0.21,0.06,0.09,0.15,0.16,0.14
REMIND 1.5,EMF27-450-NoCCS,World,Primary Energy|Fossil|w/ CCS,EJ/yr,0.00,0.00,0.00,0.00,0.00,0.00,0.00,0.00,0.00,0.00,0.00
REMIND 1.5,EMF27-450-NoCCS,World,Temperature|Global Mean|MAGICC6|MED,°C,0.81,0.87,1.15,1.36,1.47,1.50,1.51,1.51,1.52,1.54,1.54
REMIND 1.5,EMF27-550-LimBio,ASIA,Emissions|CO2,Mt CO2/yr,10193.98,13239.55,14218.37,11920.79,8135.32,5963.84,4486.53,3100.11,2246.06,1843.16,1570.02
REMIND 1.5,EMF27-550-LimBio,ASIA,Emissions|CO2|Fossil Fuels and Industry,Mt CO2/yr,9624.29,12668.17,13643.62,11954.04,8162.41,5987.99,4513.08,3130.89,2272.65,1868.24,1589.43
REMIND 1.5,EMF27-550-LimBio,ASIA,Primary Energy,EJ/yr,135.83,171.18,204.11,231.31,252.30,273.61,273.07,271.03,277.28,286.47,289.83
REMIND 1.5,EMF27-550-LimBio,LAM,Emissions|CO2,Mt CO2/yr,2926.60,3478.79,4413.41,1831.96,1357.42,934.84,712.03,523.57,418.39,359.64,107.38
REMIND 1.5,EMF27-550-LimBio,LAM,Emissions|CO2|Fossil Fuels and Industry,Mt CO2/yr,1483.23,1694.47,1947.21,1860.26,1379.91,961.58,742.73,543.99,453.68,371.75,132.07
REMIND 1.5,EMF27-550-LimBio,LAM,Primary Energy,EJ/yr,28.84,32.62,38.38,41.99,45.76,51.74,54.53,59.64,68.76,78.43,84.86
REMIND 1.5,EMF27-550-LimBio,MAF,Emissions|CO2,Mt CO2/yr,4035.32,4381.03,4504.49,3368.89,3582.70,3883.52,3663.91,3349.07,3064.56,2919.43,3153.50
REMIND 1.5,EMF27-550-LimBio,MAF,Emissions|CO2|Fossil Fuels and Industry,Mt CO2/yr,2360.58,2863.92,3302.63,3379.05,3589.65,3893.88,3675.41,3359.78,3075.16,2929.83,3163.76
REMIND 1.5,EMF27-550-LimBio,MAF,Primary Energy,EJ/yr,49.52,58.17,66.29,73.96,92.18,114.62,131.30,153.61,191.88,241.54,294.07
REMIND 1.5,EMF27-550-LimBio,OECD90,Emissions|CO2,Mt CO2/yr,15111.39,15241.56,13016.52,10555.13,7238.06,4454.98,2745.80,1531.01,766.12,275.60,-82.62
REMIND 1.5,EMF27-550-LimBio,OECD90,Emissions|CO2|Fossil Fuels and Industry,Mt CO2/yr,14547.59,14860.98,13002.38,10613.03,7296.10,4513.71,2802.71,1580.53,825.44,332.94,-26.82
REMIND 1.5,EMF27-550-LimBio,OECD90,Primary Energy,EJ/yr,225.73,232.19,215.66,204.62,196.31,192.36,178.65,170.49,173.26,176.47,176.13
REMIND 1.5,EMF27-550-LimBio,World,Emissions|CO2,Mt CO2/yr,33837.41,37970.11,37657.41,28699.50,20936.83,15389.20,11536.73,8368.71,6360.33,5299.36,4644.20
REMIND 1.5,EMF27-550-LimBio,World,Emissions|CO2|Fossil Fuels and Industry,Mt CO2/yr,29556.92,33624.77,33182.40,28864.11,21097.85,15556.56,11706.11,8524.28,6534.93,5438.31,4789.00
REMIND 1.5,EMF27-550-LimBio,World,Emissions|CO2|Fossil Fuels and Industry|Energy Supply,Mt CO2/yr,13765.03,15624.90,14383.60,9949.80,3331.14,-695.21,-1581.95,-3014.44,-4484.33,-5086.02,-5491.50
REMIND 1.5,EMF27-550-LimBio,World,Emissions|CO2|Fossil Fuels and Industry|Energy Supply|Electricity,Mt CO2/yr,10245.45,11912.71,11165.91,7661.60,3781.91,2481.51,1794.92,1052.69,452.30,294.97,222.36
REMIND 1.5,EMF27-550-LimBio,World,Price|Carbon,US$2005/t CO2,,9.58,36.07,65.38,118.50,206.64,366.21,493.86,708.52,880.10,1282.49
REMIND 1.5,EMF27-550-LimBio,World,Primary Energy,EJ/yr,464.82,519.64,547.58,572.70,606.22,650.99,654.96,672.68,728.85,800.52,862.14
REMIND 1.5,EMF27-550-LimBio,World,Primary Energy|Coal,EJ/yr,122.20,145.67,105.57,44.80,13.06,14.03,26.60,41.00,52.35,57.59,61.06
REMIND 1.5,EMF27-550-LimBio,World,Primary Energy|Fossil|w/ CCS,EJ/yr,0.00,0.00,4.97,41.99,91.01,110.62,115.94,104.84,97.85,96.00,90.01
REMIND 1.5,EMF27-550-LimBio,World,Temperature|Global Mean|MAGICC6|MED,°C,0.81,0.87,1.16,1.45,1.68,1.81,1.88,1.94,1.97,2.00,2.01
REMIND 1.5,EMF27-Base-FullTech,ASIA,Emissions|CO2,Mt CO2/yr,10193.98,13478.78,20256.01,24006.74,28404.78,33016.66,35977.35,36397.92,34529.79,28622.83,23400.42
REMIND 1.5,EMF27-Base-FullTech,ASIA,Emissions|CO2|Fossil Fuels and Industry,Mt CO2/yr,9624.29,12668.17,18963.57,23851.49,28388.64,33027.52,35996.03,36416.91,33978.26,27869.99,22441.84
REMIND 1.5,EMF27-Base-FullTech,ASIA,Primary Energy,EJ/yr,135.83,171.18,252.53,321.99,382.22,444.47,492.91,526.59,547.09,531.61,521.51
REMIND 1.5,EMF27-Base-FullTech,LAM,Emissions|CO2,Mt CO2/yr,2926.60,3508.40,5067.35,5464.43,4402.98,5424.51,5869.57,5988.95,6096.94,5152.73,4074.45
REMIND 1.5,EMF27-Base-FullTech,LAM,Emissions|CO2|Fossil Fuels and Industry,Mt CO2/yr,1483.23,1694.47,2512.31,3230.36,3824.19,4499.22,4921.07,5113.10,4931.64,4201.68,3448.14
REMIND 1.5,EMF27-Base-FullTech,LAM,Primary Energy,EJ/yr,28.84,32.62,43.91,52.52,58.60,67.24,74.19,81.55,88.24,92.46,99.67
REMIND 1.5,EMF27-Base-FullTech,MAF,Emissions|CO2,Mt CO2/yr,4035.32,4381.09,5364.84,5862.75,8659.61,12865.82,17680.13,22674.41,27242.60,29150.29,29981.48
REMIND 1.5,EMF27-Base-FullTech,MAF,Emissions|CO2|Fossil Fuels and Industry,Mt CO2/yr,2360.58,2863.92,4162.81,5825.71,8658.60,12871.31,17686.59,22681.07,27249.17,29156.88,29988.54
REMIND 1.5,EMF27-Base-FullTech,MAF,Primary Energy,EJ/yr,49.52,58.17,78.02,99.22,133.41,184.76,243.74,311.42,384.72,434.63,481.80
REMIND 1.5,EMF27-Base-FullTech,OECD90,Emissions|CO2,Mt CO2/yr,15111.39,15234.63,15486.57,16326.59,16610.24,16943.56,16515.90,15922.43,14587.22,11864.62,9683.61
REMIND 1.5,EMF27-Base-FullTech,OECD90,Emissions|CO2|Fossil Fuels and Industry,Mt CO2/yr,14547.59,14860.98,15493.22,16327.23,16533.88,16784.66,16567.34,15978.22,14639.15,11919.27,9753.72
REMIND 1.5,EMF27-Base-FullTech,OECD90,Primary Energy,EJ/yr,225.73,232.19,239.50,248.43,249.55,254.06,256.24,258.30,259.36,245.13,236.85
REMIND 1.5,EMF27-Base-FullTech,World,Emissions|CO2,Mt CO2/yr,33837.41,38293.08,48134.42,53343.82,59836.10,70077.89,77941.21,82914.15,84109.23,75995.09,68004.38
REMIND 1.5,EMF27-Base-FullTech,World,Emissions|CO2|Fossil Fuels and Industry,Mt CO2/yr,29556.92,33624.77,42690.49,50865.41,59177.44,69041.15,77103.39,82154.70,82487.12,74391.24,66547.93
REMIND 1.5,EMF27-Base-FullTech,World,Emissions|CO2|Fossil Fuels and Industry|Energy Supply,Mt CO2/yr,13765.03,15624.90,19879.59,24808.67,30403.31,37686.30,44599.07,48221.13,48169.87,42729.91,35078.86
REMIND 1.5,EMF27-Base-FullTech,World,Emissions|CO2|Fossil Fuels and Industry|Energy Supply|Electricity,Mt CO2/yr,10245.45,11912.71,15970.42,20578.04,24231.99,26435.62,26743.55,25504.71,23336.08,19950.06,17229.15
REMIND 1.5,EMF27-Base-FullTech,World,Price|Carbon,US$2005/t CO2,,9.58,,,,,,,,,
REMIND 1.5,EMF27-Base-FullTech,World,Primary Energy,EJ/yr,464.82,519.64,640.55,749.95,853.16,979.35,1095.43,1206.29,1306.33,1328.79,1363.91
REMIND 1.5,EMF27-Base-FullTech,World,Primary Energy|Coal,EJ/yr,122.20,145.67,196.93,239.86,302.90,389.32,481.27,534.46,531.06,461.18,374.48
REMIND 1.5,EMF27-Base-FullTech,World,Primary Energy|Fossil|w/ CCS,EJ/yr,0.00,0.00,0.00,0.00,0.00,0.00,0.00,0.00,0.00,0.00,0.00
REMIND 1.5,EMF27-Base-FullTech,World,Temperature|Global Mean|MAGICC6|MED,°C,0.81,0.87,1.13,1.45,1.81,2.20,2.65,3.14,3.62,4.08,4.44
WITCH_EMF27,EMF27-450-Conv,ASIA,Emissions|CO2,Mt CO2/yr,9895.45,13210.18,13914.12,12004.49,10538.51,8767.49,7410.94,6299.16,3794.59,2865.46,2437.77
WITCH_EMF27,EMF27-450-Conv,ASIA,Emissions|CO2|Fossil Fuels and Industry,Mt CO2/yr,8629.01,12114.61,13995.34,12400.26,11036.76,9533.21,8176.67,7064.88,4560.32,3631.19,3203.49
WITCH_EMF27,EMF27-450-Conv,ASIA,Primary Energy,EJ/yr,123.50,163.27,191.65,198.46,201.86,195.81,183.80,170.77,160.74,154.07,147.65
WITCH_EMF27,EMF27-450-Conv,LAM,Emissions|CO2,Mt CO2/yr,4660.57,4644.17,1851.46,1537.68,1421.58,658.62,-161.02,-1398.20,-1659.55,-1631.41,-1586.79
WITCH_EMF27,EMF27-450-Conv,LAM,Emissions|CO2|Fossil Fuels and Industry,Mt CO2/yr,1299.42,1476.50,1454.72,1213.55,881.67,452.92,-366.72,-1603.90,-1865.25,-1837.11,-1792.49
WITCH_EMF27,EMF27-450-Conv,LAM,Primary Energy,EJ/yr,27.65,30.70,30.22,30.79,29.87,30.54,39.27,60.04,67.19,67.45,68.75
WITCH_EMF27,EMF27-450-Conv,MAF,Emissions|CO2,Mt CO2/yr,2508.31,2673.95,2224.44,1932.65,1907.50,1703.00,1588.40,1493.36,1413.90,1303.02,1118.21
WITCH_EMF27,EMF27-450-Conv,MAF,Emissions|CO2|Fossil Fuels and Industry,Mt CO2/yr,1832.71,2227.75,2170.26,1904.47,1869.65,1728.82,1614.22,1519.18,1439.72,1328.84,1144.03
WITCH_EMF27,EMF27-450-Conv,MAF,Primary Energy,EJ/yr,39.92,45.58,43.91,46.37,49.20,50.57,51.44,52.21,52.39,51.27,46.73
WITCH_EMF27,EMF27-450-Conv,OECD90,Emissions|CO2,Mt CO2/yr,12644.40,12597.55,9780.38,6560.69,4755.20,3257.79,2240.72,1399.83,795.67,359.17,224.28
WITCH_EMF27,EMF27-450-Conv,OECD90,Emissions|CO2|Fossil Fuels and Industry,Mt CO2/yr,12503.93,12460.64,9752.18,6561.61,4747.55,3314.89,2297.82,1456.92,852.77,416.27,281.38
WITCH_EMF27,EMF27-450-Conv,OECD90,Primary Energy,EJ/yr,197.26,198.49,169.04,154.92,144.40,131.47,117.00,104.92,98.04,93.91,94.31
WITCH_EMF27,EMF27-450-Conv,REF,Emissions|CO2,Mt CO2/yr,3870.58,4035.17,2381.75,2055.81,1733.11,1347.51,1064.51,815.36,611.13,444.37,383.41
WITCH_EMF27,EMF27-450-Conv,REF,Emissions|CO2|Fossil Fuels and Industry,Mt CO2/yr,3706.21,3932.25,2367.30,2069.19,1760.54,1425.66,1142.66,893.50,689.27,522.52,461.56
WITCH_EMF27,EMF27-450-Conv,REF,Primary Energy,EJ/yr,53.59,57.32,41.75,43.62,42.42,39.46,35.56,32.14,29.68,28.12,27.45
WITCH_EMF27,EMF27-450-Conv,World,Emissions|CO2,Mt CO2/yr,33579.32,37161.03,30152.15,24091.32,20355.91,15734.40,12143.56,8609.50,4955.74,3340.62,2576.88
WITCH_EMF27,EMF27-450-Conv,World,Emissions|CO2|Fossil Fuels and Industry,Mt CO2/yr,27971.27,32211.76,29739.80,24149.07,20296.16,16455.50,12864.65,9330.59,5676.83,4061.71,3297.97
WITCH_EMF27,EMF27-450-Conv,World,Emissions|CO2|Fossil Fuels and Industry|Energy Supply,Mt CO2/yr,10291.72,11568.26,8804.20,3670.67,2021.17,1268.04,873.48,-406.52,-927.68,-1089.56,-1124.96
WITCH_EMF27,EMF27-450-Conv,World,Emissions|CO2|Fossil Fuels and Industry|Energy Supply|Electricity,Mt CO2/yr,10273.07,11436.19,8574.50,3329.22,1603.28,838.56,415.80,-818.51,-1286.38,-1371.73,-1372.39
WITCH_EMF27,EMF27-450-Conv,World,Price|Carbon,US$2005/t CO2,,,65.47,144.69,290.26,546.15,983.66,1674.44,2574.33,3910.42,5676.58
WITCH_EMF27,EMF27-450-Conv,World,Primary Energy,EJ/yr,441.92,495.35,476.57,474.15,467.75,447.85,427.06,420.07,408.05,394.82,384.87
WITCH_EMF27,EMF27-450-Conv,World,Primary Energy|Coal,EJ/yr,121.71,131.26,106.92,85.24,71.54,66.24,66.45,60.63,56.87,54.01,51.41
WITCH_EMF27,EMF27-450-Conv,World,Primary Energy|Fossil|w/ CCS,EJ/yr,0.07,0.05,8.52,65.76,74.30,83.76,93.06,91.90,111.72,116.47,112.81
WITCH_EMF27,EMF27-550-LimBio,ASIA,Emissions|CO2,Mt CO2/yr,9895.98,13341.76,17280.06,18745.41,16414.52,12419.72,10012.01,9373.38,8937.92,9270.47,9214.63
WITCH_EMF27,EMF27-550-LimBio,ASIA,Emissions|CO2|Fossil Fuels and Industry,Mt CO2/yr,8629.54,12246.19,17214.62,19086.19,16894.44,13167.11,10777.74,10139.10,9703.64,10036.19,9980.36
WITCH_EMF27,EMF27-550-LimBio,ASIA,Primary Energy,EJ/yr,123.51,164.47,229.56,254.17,246.74,238.63,239.20,241.33,244.27,247.62,250.18
WITCH_EMF27,EMF27-550-LimBio,LAM,Emissions|CO2,Mt CO2/yr,4660.84,4612.38,2729.37,2515.92,2286.12,1309.50,1048.52,677.15,470.62,-66.27,-210.35
WITCH_EMF27,EMF27-550-LimBio,LAM,Emissions|CO2|Fossil Fuels and Industry,Mt CO2/yr,1299.68,1444.70,1727.63,1916.79,1672.87,1067.14,842.82,471.45,264.92,-271.97,-416.05
WITCH_EMF27,EMF27-550-LimBio,LAM,Primary Energy,EJ/yr,27.65,30.23,34.60,36.74,38.51,40.29,40.60,45.43,47.70,56.58,57.45
WITCH_EMF27,EMF27-550-LimBio,MAF,Emissions|CO2,Mt CO2/yr,2508.81,2621.97,2773.63,2885.03,2775.24,2552.54,2579.22,2758.68,2928.88,3067.60,3139.20
WITCH_EMF27,EMF27-550-LimBio,MAF,Emissions|CO2|Fossil Fuels and Industry,Mt CO2/yr,1833.21,2175.78,2664.44,2820.18,2737.40,2578.36,2605.03,2784.50,2954.70,3093.42,3165.01
WITCH_EMF27,EMF27-550-LimBio,MAF,Primary Energy,EJ/yr,39.93,44.68,50.78,54.81,59.43,61.94,66.71,72.38,77.03,81.48,86.29
WITCH_EMF27,EMF27-550-LimBio,OECD90,Emissions|CO2,Mt CO2/yr,12645.78,12542.87,11852.60,10275.13,7908.88,5310.74,4461.18,4405.41,4236.36,4016.45,3860.45
WITCH_EMF27,EMF27-550-LimBio,OECD90,Emissions|CO2|Fossil Fuels and Industry,Mt CO2/yr,12505.30,12405.96,11806.06,10276.06,7901.23,5349.51,4518.28,4462.51,4293.46,4073.55,3917.55
WITCH_EMF27,EMF27-550-LimBio,OECD90,Primary Energy,EJ/yr,197.28,197.59,193.27,178.42,168.97,157.27,151.52,148.52,147.42,147.99,149.60
WITCH_EMF27,EMF27-550-LimBio,REF,Emissions|CO2,Mt CO2/yr,3871.04,4062.72,3764.23,3380.51,2617.25,1957.66,1686.23,1658.31,1628.48,1550.83,1510.95
WITCH_EMF27,EMF27-550-LimBio,REF,Emissions|CO2|Fossil Fuels and Industry,Mt CO2/yr,3706.66,3959.80,3731.44,3393.89,2644.67,2035.81,1764.37,1736.46,1706.63,1628.98,1589.09
WITCH_EMF27,EMF27-550-LimBio,REF,Primary Energy,EJ/yr,53.60,57.29,54.48,53.15,51.94,49.00,47.80,47.82,48.21,48.73,49.40
WITCH_EMF27,EMF27-550-LimBio,World,Emissions|CO2,Mt CO2/yr,33582.45,37181.70,38399.88,37802.01,32002.02,23550.17,19787.16,18872.93,18202.25,17839.07,17514.87
WITCH_EMF27,EMF27-550-LimBio,World,Emissions|CO2|Fossil Fuels and Industry,Mt CO2/yr,27974.40,32232.43,37144.20,37493.10,31850.61,24197.92,20508.25,19594.02,18923.34,18560.16,18235.96
WITCH_EMF27,EMF27-550-LimBio,World,Emissions|CO2|Fossil Fuels and Industry|Energy Supply,Mt CO2/yr,10291.72,11919.30,14022.37,12885.87,7885.12,3746.57,3215.51,3577.53,4139.50,4014.43,3976.99
WITCH_EMF27,EMF27-550-LimBio,World,Emissions|CO2|Fossil Fuels and Industry|Energy Supply|Electricity,Mt CO2/yr,10273.07,11813.97,13729.89,12333.23,7020.13,2763.69,1950.23,1465.64,1410.86,1010.91,950.64
WITCH_EMF27,EMF27-550-LimBio,World,Price|Carbon,US$2005/t CO2,,,17.12,45.42,91.51,213.97,333.37,461.89,637.35,860.77,1152.36
WITCH_EMF27,EMF27-550-LimBio,World,Primary Energy,EJ/yr,441.97,494.25,562.69,577.30,565.59,547.13,545.83,555.49,564.63,582.40,592.92
WITCH_EMF27,EMF27-550-LimBio,World,Primary Energy|Coal,EJ/yr,121.71,135.79,152.12,138.41,113.10,91.18,85.62,84.23,80.71,77.56,74.13
WITCH_EMF27,EMF27-550-LimBio,World,Primary Energy|Fossil|w/ CCS,EJ/yr,0.07,0.05,0.02,6.48,59.47,99.49,125.42,141.31,152.83,153.24,156.00
WITCH_EMF27,EMF27-Base-FullTech,ASIA,Emissions|CO2,Mt CO2/yr,9893.46,13378.34,20016.55,26248.47,30889.38,34562.46,37566.05,40325.64,42647.52,44874.72,46657.52
WITCH_EMF27,EMF27-Base-FullTech,ASIA,Emissions|CO2|Fossil Fuels and Industry,Mt CO2/yr,8627.02,12282.77,19566.11,26277.58,31185.97,35126.53,38130.11,40889.70,43211.58,45438.78,47221.58
WITCH_EMF27,EMF27-Base-FullTech,ASIA,Primary Energy,EJ/yr,123.48,165.07,256.66,334.32,389.71,434.38,473.18,512.81,550.32,587.81,622.03
WITCH_EMF27,EMF27-Base-FullTech,LAM,Emissions|CO2,Mt CO2/yr,4659.58,4623.98,4524.39,4644.99,4937.36,5250.67,5698.25,6117.40,6522.66,6945.51,7358.61
WITCH_EMF27,EMF27-Base-FullTech,LAM,Emissions|CO2|Fossil Fuels and Industry,Mt CO2/yr,1298.42,1456.30,1909.32,2414.19,3040.78,3688.30,4135.88,4555.04,4960.30,5383.14,5796.24
WITCH_EMF27,EMF27-Base-FullTech,LAM,Primary Energy,EJ/yr,27.63,30.41,37.45,44.31,50.61,57.08,62.78,68.77,74.79,81.24,87.61
WITCH_EMF27,EMF27-Base-FullTech,MAF,Emissions|CO2,Mt CO2/yr,2506.45,2642.28,3291.19,4063.34,5028.41,6038.17,7017.40,8032.94,8851.50,9680.49,10373.40
WITCH_EMF27,EMF27-Base-FullTech,MAF,Emissions|CO2|Fossil Fuels and Industry,Mt CO2/yr,1830.86,2196.09,2980.33,3815.16,4843.89,5917.32,6896.55,7912.09,8730.66,9559.64,10252.55
WITCH_EMF27,EMF27-Base-FullTech,MAF,Primary Energy,EJ/yr,39.89,45.07,56.21,67.01,78.06,89.45,100.27,113.21,125.57,138.46,152.25
WITCH_EMF27,EMF27-Base-FullTech,OECD90,Emissions|CO2,Mt CO2/yr,12639.28,12598.84,13097.95,13835.62,14969.12,15784.59,16540.18,17249.21,17924.86,18566.23,19180.64
WITCH_EMF27,EMF27-Base-FullTech,OECD90,Emissions|CO2|Fossil Fuels and Industry,Mt CO2/yr,12498.80,12461.93,12996.42,13744.88,14869.79,15676.69,16432.28,17141.31,17816.96,18458.33,19072.74
WITCH_EMF27,EMF27-Base-FullTech,OECD90,Primary Energy,EJ/yr,197.19,198.33,207.18,214.30,220.98,228.47,236.73,248.62,261.66,276.76,291.23
WITCH_EMF27,EMF27-Base-FullTech,REF,Emissions|CO2,Mt CO2/yr,3868.87,4077.28,4636.23,5039.14,5412.35,5886.80,6279.44,6439.80,6722.19,7040.23,7284.21
WITCH_EMF27,EMF27-Base-FullTech,REF,Emissions|CO2|Fossil Fuels and Industry,Mt CO2/yr,3704.49,3974.36,4585.11,5015.84,5421.44,5928.28,6320.92,6481.28,6763.67,7081.71,7325.69
WITCH_EMF27,EMF27-Base-FullTech,REF,Primary Energy,EJ/yr,53.57,57.47,66.23,72.03,76.86,81.20,85.49,91.45,98.70,106.60,113.73
WITCH_EMF27,EMF27-Base-FullTech,World,Emissions|CO2,Mt CO2/yr,33567.64,37320.72,45566.30,53831.56,61236.62,67522.70,73101.32,78164.98,82668.74,87107.17,90854.38
WITCH_EMF27,EMF27-Base-FullTech,World,Emissions|CO2|Fossil Fuels and Industry,Mt CO2/yr,27959.60,32371.45,42037.29,51267.65,59361.87,66337.12,71915.75,76979.41,81483.17,85921.60,89668.81
WITCH_EMF27,EMF27-Base-FullTech,World,Emissions|CO2|Fossil Fuels and Industry|Energy Supply,Mt CO2/yr,10291.70,11952.38,17199.90,22861.08,28342.18,34236.72,40068.17,44665.83,48710.83,52310.80,55378.38
WITCH_EMF27,EMF27-Base-FullTech,World,Emissions|CO2|Fossil Fuels and Industry|Energy Supply|Electricity,Mt CO2/yr,10273.05,11842.28,16831.09,21875.17,25746.31,29193.90,32596.59,35923.66,39209.42,42397.07,45297.83
WITCH_EMF27,EMF27-Base-FullTech,World,Primary Energy,EJ/yr,441.76,496.35,623.75,731.97,816.22,890.57,958.45,1034.85,1111.04,1190.87,1266.85
WITCH_EMF27,EMF27-Base-FullTech,World,Primary Energy|Coal,EJ/yr,121.71,135.95,182.54,230.98,265.24,294.28,322.18,348.38,374.01,398.06,418.77
WITCH_EMF27,EMF27-Base-FullTech,World,Primary Energy|Fossil|w/ CCS,EJ/yr,0.07,0.05,0.02,0.01,0.01,0.01,0.01,0.01,0.01,0.01,0.01